metric,year,word,related_word,source,value
sources_count,,,,,6
year_range_min,,,,,1981
year_range_max,,,,,2026
textile_metaphor_texts_total,,,,,169
articles_surveyed_total,,,,,15422
textile_metaphor_rate_pct,,,,,1.17
source_text_count,,,,Digital Humanities Quarterly,50
source_text_count,,,,Index of DH Conferences,50
source_text_count,,,,Literary and Linguistic Computing/Digital Scholarship in the Humanities,39
source_text_count,,,,Computers and Translation/Computers and the Humanities/Machine Translation/Language Resources and Evaluation,18
source_text_count,,,,Journal of the Text Encoding Initiative,6
source_text_count,,,,Journal of Cultural Analytics,6
source_year_min,,,,Journal of the Text Encoding Initiative,2012
source_year_max,,,,Journal of the Text Encoding Initiative,2025
source_year_min,,,,Digital Humanities Quarterly,2009
source_year_max,,,,Digital Humanities Quarterly,2026
source_year_min,,,,Journal of Cultural Analytics,2022
source_year_max,,,,Journal of Cultural Analytics,2025
source_year_min,,,,Index of DH Conferences,1998
source_year_max,,,,Index of DH Conferences,2022
source_year_min,,,,Computers and Translation/Computers and the Humanities/Machine Translation/Language Resources and Evaluation,1981
source_year_max,,,,Computers and Translation/Computers and the Humanities/Machine Translation/Language Resources and Evaluation,2026
source_year_min,,,,Literary and Linguistic Computing/Digital Scholarship in the Humanities,1987
source_year_max,,,,Literary and Linguistic Computing/Digital Scholarship in the Humanities,2026
year_texts,1981,,,,1
year_all_articles,1981,,,,46
year_texts,1982,,,,0
year_all_articles,1982,,,,52
year_texts,1983,,,,0
year_all_articles,1983,,,,140
year_texts,1984,,,,0
year_all_articles,1984,,,,26
year_texts,1985,,,,0
year_all_articles,1985,,,,138
year_texts,1986,,,,0
year_all_articles,1986,,,,112
year_texts,1987,,,,1
year_all_articles,1987,,,,231
year_texts,1988,,,,1
year_all_articles,1988,,,,98
year_texts,1989,,,,0
year_all_articles,1989,,,,283
year_texts,1990,,,,3
year_all_articles,1990,,,,203
year_texts,1991,,,,0
year_all_articles,1991,,,,245
year_texts,1992,,,,0
year_all_articles,1992,,,,177
year_texts,1993,,,,2
year_all_articles,1993,,,,207
year_texts,1994,,,,2
year_all_articles,1994,,,,264
year_texts,1995,,,,1
year_all_articles,1995,,,,180
year_texts,1996,,,,1
year_all_articles,1996,,,,234
year_texts,1997,,,,1
year_all_articles,1997,,,,149
year_texts,1998,,,,1
year_all_articles,1998,,,,167
year_texts,1999,,,,3
year_all_articles,1999,,,,172
year_texts,2000,,,,2
year_all_articles,2000,,,,175
year_texts,2001,,,,1
year_all_articles,2001,,,,160
year_texts,2002,,,,3
year_all_articles,2002,,,,143
year_texts,2003,,,,2
year_all_articles,2003,,,,162
year_texts,2004,,,,0
year_all_articles,2004,,,,177
year_texts,2005,,,,2
year_all_articles,2005,,,,243
year_texts,2006,,,,0
year_all_articles,2006,,,,234
year_texts,2007,,,,3
year_all_articles,2007,,,,189
year_texts,2008,,,,0
year_all_articles,2008,,,,235
year_texts,2009,,,,6
year_all_articles,2009,,,,310
year_texts,2010,,,,3
year_all_articles,2010,,,,204
year_texts,2011,,,,3
year_all_articles,2011,,,,293
year_texts,2012,,,,4
year_all_articles,2012,,,,347
year_texts,2013,,,,8
year_all_articles,2013,,,,453
year_texts,2014,,,,9
year_all_articles,2014,,,,559
year_texts,2015,,,,10
year_all_articles,2015,,,,430
year_texts,2016,,,,8
year_all_articles,2016,,,,800
year_texts,2017,,,,10
year_all_articles,2017,,,,736
year_texts,2018,,,,7
year_all_articles,2018,,,,867
year_texts,2019,,,,8
year_all_articles,2019,,,,1011
year_texts,2020,,,,3
year_all_articles,2020,,,,873
year_texts,2021,,,,5
year_all_articles,2021,,,,431
year_texts,2022,,,,13
year_all_articles,2022,,,,868
year_texts,2023,,,,10
year_all_articles,2023,,,,485
year_texts,2024,,,,5
year_all_articles,2024,,,,246
year_texts,2025,,,,17
year_all_articles,2025,,,,366
year_texts,2026,,,,10
year_all_articles,2026,,,,264
year_word_hits,2013,knit,,,1
year_word_hits,2013,weave,,,2
year_word_hits,2013,stitch,,,3
year_word_hits,2013,thread,,,2
year_word_hits,2014,weave,,,6
year_word_hits,2014,stitch,,,2
year_word_hits,2014,thread,,,1
year_word_hits,2024,weave,,,4
year_word_hits,2024,fabric,,,1
year_word_hits,2025,knit,,,2
year_word_hits,2025,weave,,,5
year_word_hits,2025,thread,,,1
year_word_hits,2025,stitch,,,2
year_word_hits,2025,tapestry,,,7
year_word_hits,2012,knit,,,1
year_word_hits,2012,weave,,,1
year_word_hits,2012,loom,,,1
year_word_hits,2012,thread,,,2
year_word_hits,2009,fabric,,,1
year_word_hits,2009,tapestry,,,1
year_word_hits,2009,weave,,,1
year_word_hits,2009,stitch,,,1
year_word_hits,2009,thread,,,3
year_word_hits,2011,weave,,,1
year_word_hits,2011,stitch,,,2
year_word_hits,2015,weave,,,1
year_word_hits,2015,stitch,,,4
year_word_hits,2015,thread,,,2
year_word_hits,2015,knit,,,3
year_word_hits,2015,fabric,,,1
year_word_hits,2016,weave,,,2
year_word_hits,2016,knit,,,1
year_word_hits,2016,stitch,,,4
year_word_hits,2016,fabric,,,1
year_word_hits,2016,thread,,,1
year_word_hits,2017,weave,,,4
year_word_hits,2017,knit,,,3
year_word_hits,2017,sew,,,1
year_word_hits,2017,stitch,,,1
year_word_hits,2017,thread,,,1
year_word_hits,2018,knit,,,1
year_word_hits,2018,stitch,,,2
year_word_hits,2018,weave,,,3
year_word_hits,2018,thread,,,2
year_word_hits,2018,weft,,,1
year_word_hits,2018,warp,,,1
year_word_hits,2019,stitch,,,4
year_word_hits,2019,weave,,,3
year_word_hits,2019,thread,,,2
year_word_hits,2020,tapestry,,,1
year_word_hits,2020,weave,,,2
year_word_hits,2020,stitch,,,1
year_word_hits,2021,tapestry,,,1
year_word_hits,2021,thread,,,3
year_word_hits,2021,warp,,,2
year_word_hits,2021,weft,,,1
year_word_hits,2021,weave,,,1
year_word_hits,2021,knit,,,1
year_word_hits,2022,thread,,,2
year_word_hits,2022,weave,,,11
year_word_hits,2022,weft,,,1
year_word_hits,2022,warp,,,1
year_word_hits,2022,loom,,,1
year_word_hits,2022,tapestry,,,1
year_word_hits,2023,knit,,,1
year_word_hits,2023,fabric,,,1
year_word_hits,2023,thread,,,2
year_word_hits,2023,weave,,,5
year_word_hits,2023,stitch,,,1
year_word_hits,2023,tapestry,,,1
year_word_hits,2026,stitch,,,3
year_word_hits,2026,tapestry,,,3
year_word_hits,2026,weave,,,4
year_word_hits,2026,thread,,,1
year_word_hits,2026,fabric,,,1
year_word_hits,2010,thread,,,2
year_word_hits,2010,stitch,,,1
year_word_hits,2000,knit,,,1
year_word_hits,2000,thread,,,1
year_word_hits,2003,knit,,,1
year_word_hits,2003,thread,,,1
year_word_hits,1998,knit,,,1
year_word_hits,2001,stitch,,,1
year_word_hits,2007,thread,,,2
year_word_hits,2007,weave,,,1
year_word_hits,1999,thread,,,1
year_word_hits,1999,weave,,,2
year_word_hits,1981,knit,,,1
year_word_hits,1990,weave,,,2
year_word_hits,1990,weft,,,1
year_word_hits,1990,warp,,,1
year_word_hits,1994,weave,,,2
year_word_hits,1996,weave,,,1
year_word_hits,2002,stitch,,,2
year_word_hits,2002,weave,,,1
year_word_hits,2005,knit,,,1
year_word_hits,2005,weave,,,1
year_word_hits,1993,spin,,,1
year_word_hits,1993,weave,,,2
year_word_hits,1987,tapestry,,,1
year_word_hits,1988,tapestry,,,1
year_word_hits,1995,weave,,,1
year_word_hits,1997,knit,,,1
word_freq_corpus,,weave,,,69
word_freq_corpus,,stitch,,,34
word_freq_corpus,,thread,,,32
word_freq_corpus,,knit,,,20
word_freq_corpus,,tapestry,,,17
word_freq_corpus,,fabric,,,6
word_freq_corpus,,warp,,,5
word_freq_corpus,,weft,,,4
word_freq_corpus,,loom,,,2
word_freq_corpus,,sew,,,1
word_freq_corpus,,spin,,,1
word_variants,,weave,,,weaving
word_variants,,knit,,,knitting
word_variants,,spin,,,spinning
word_variants,,sew,,,sewing
word_variants,,stitch,,,stitching
source_text_count_textile_metaphor,,,,Journal of the Text Encoding Initiative,6
source_text_count_textile_metaphor,,,,Digital Humanities Quarterly,50
source_text_count_textile_metaphor,,,,Journal of Cultural Analytics,6
source_text_count_textile_metaphor,,,,Index of DH Conferences,50
source_text_count_textile_metaphor,,,,Computers and Translation/Computers and the Humanities/Machine Translation/Language Resources and Evaluation,18
source_text_count_textile_metaphor,,,,Literary and Linguistic Computing/Digital Scholarship in the Humanities,39
source_all_articles,,,,Index of DH Conferences,8537
source_all_articles,,,,Digital Humanities Quarterly,855
source_all_articles,,,,Literary and Linguistic Computing/Digital Scholarship in the Humanities,2698
source_all_articles,,,,Computers and Translation/Computers and the Humanities/Machine Translation/Language Resources and Evaluation,1808
source_all_articles,,,,Journal of Cultural Analytics,96
source_all_articles,,,,Journal of the Text Encoding Initiative,155
source_all_articles,,,,Digital Medievalist,101
source_all_articles,,,,Digital Classics Online,135
source_year_texts,2013,,,Journal of the Text Encoding Initiative,2
source_year_texts,2014,,,Journal of the Text Encoding Initiative,1
source_year_texts,2024,,,Journal of the Text Encoding Initiative,1
source_year_texts,2025,,,Journal of the Text Encoding Initiative,1
source_year_texts,2012,,,Journal of the Text Encoding Initiative,1
source_year_texts,2009,,,Digital Humanities Quarterly,2
source_year_texts,2011,,,Digital Humanities Quarterly,1
source_year_texts,2012,,,Digital Humanities Quarterly,1
source_year_texts,2013,,,Digital Humanities Quarterly,3
source_year_texts,2014,,,Digital Humanities Quarterly,2
source_year_texts,2015,,,Digital Humanities Quarterly,4
source_year_texts,2016,,,Digital Humanities Quarterly,1
source_year_texts,2017,,,Digital Humanities Quarterly,5
source_year_texts,2018,,,Digital Humanities Quarterly,3
source_year_texts,2019,,,Digital Humanities Quarterly,3
source_year_texts,2020,,,Digital Humanities Quarterly,3
source_year_texts,2021,,,Digital Humanities Quarterly,2
source_year_texts,2022,,,Digital Humanities Quarterly,5
source_year_texts,2023,,,Digital Humanities Quarterly,5
source_year_texts,2024,,,Digital Humanities Quarterly,1
source_year_texts,2025,,,Digital Humanities Quarterly,4
source_year_texts,2026,,,Digital Humanities Quarterly,5
source_year_texts,2022,,,Journal of Cultural Analytics,1
source_year_texts,2025,,,Journal of Cultural Analytics,3
source_year_texts,2023,,,Journal of Cultural Analytics,2
source_year_texts,2022,,,Index of DH Conferences,3
source_year_texts,2018,,,Index of DH Conferences,4
source_year_texts,2010,,,Index of DH Conferences,3
source_year_texts,2019,,,Index of DH Conferences,2
source_year_texts,2016,,,Index of DH Conferences,6
source_year_texts,2000,,,Index of DH Conferences,2
source_year_texts,2003,,,Index of DH Conferences,2
source_year_texts,2015,,,Index of DH Conferences,4
source_year_texts,1998,,,Index of DH Conferences,1
source_year_texts,2009,,,Index of DH Conferences,3
source_year_texts,2014,,,Index of DH Conferences,5
source_year_texts,2017,,,Index of DH Conferences,4
source_year_texts,2001,,,Index of DH Conferences,1
source_year_texts,2011,,,Index of DH Conferences,2
source_year_texts,2013,,,Index of DH Conferences,3
source_year_texts,2007,,,Index of DH Conferences,2
source_year_texts,2012,,,Index of DH Conferences,2
source_year_texts,1999,,,Index of DH Conferences,1
source_year_texts,2015,,,Computers and Translation/Computers and the Humanities/Machine Translation/Language Resources and Evaluation,1
source_year_texts,2019,,,Computers and Translation/Computers and the Humanities/Machine Translation/Language Resources and Evaluation,1
source_year_texts,2022,,,Computers and Translation/Computers and the Humanities/Machine Translation/Language Resources and Evaluation,1
source_year_texts,2023,,,Computers and Translation/Computers and the Humanities/Machine Translation/Language Resources and Evaluation,1
source_year_texts,2025,,,Computers and Translation/Computers and the Humanities/Machine Translation/Language Resources and Evaluation,3
source_year_texts,2026,,,Computers and Translation/Computers and the Humanities/Machine Translation/Language Resources and Evaluation,2
source_year_texts,1981,,,Computers and Translation/Computers and the Humanities/Machine Translation/Language Resources and Evaluation,1
source_year_texts,1990,,,Computers and Translation/Computers and the Humanities/Machine Translation/Language Resources and Evaluation,1
source_year_texts,1994,,,Computers and Translation/Computers and the Humanities/Machine Translation/Language Resources and Evaluation,1
source_year_texts,1996,,,Computers and Translation/Computers and the Humanities/Machine Translation/Language Resources and Evaluation,1
source_year_texts,1999,,,Computers and Translation/Computers and the Humanities/Machine Translation/Language Resources and Evaluation,1
source_year_texts,2002,,,Computers and Translation/Computers and the Humanities/Machine Translation/Language Resources and Evaluation,3
source_year_texts,2005,,,Computers and Translation/Computers and the Humanities/Machine Translation/Language Resources and Evaluation,1
source_year_texts,1993,,,Literary and Linguistic Computing/Digital Scholarship in the Humanities,2
source_year_texts,1987,,,Literary and Linguistic Computing/Digital Scholarship in the Humanities,1
source_year_texts,1988,,,Literary and Linguistic Computing/Digital Scholarship in the Humanities,1
source_year_texts,1995,,,Literary and Linguistic Computing/Digital Scholarship in the Humanities,1
source_year_texts,1997,,,Literary and Linguistic Computing/Digital Scholarship in the Humanities,1
source_year_texts,1990,,,Literary and Linguistic Computing/Digital Scholarship in the Humanities,2
source_year_texts,1994,,,Literary and Linguistic Computing/Digital Scholarship in the Humanities,1
source_year_texts,1999,,,Literary and Linguistic Computing/Digital Scholarship in the Humanities,1
source_year_texts,2021,,,Literary and Linguistic Computing/Digital Scholarship in the Humanities,3
source_year_texts,2022,,,Literary and Linguistic Computing/Digital Scholarship in the Humanities,3
source_year_texts,2023,,,Literary and Linguistic Computing/Digital Scholarship in the Humanities,2
source_year_texts,2024,,,Literary and Linguistic Computing/Digital Scholarship in the Humanities,3
source_year_texts,2025,,,Literary and Linguistic Computing/Digital Scholarship in the Humanities,6
source_year_texts,2026,,,Literary and Linguistic Computing/Digital Scholarship in the Humanities,3
source_year_texts,2005,,,Literary and Linguistic Computing/Digital Scholarship in the Humanities,1
source_year_texts,2007,,,Literary and Linguistic Computing/Digital Scholarship in the Humanities,1
source_year_texts,2009,,,Literary and Linguistic Computing/Digital Scholarship in the Humanities,1
source_year_texts,2014,,,Literary and Linguistic Computing/Digital Scholarship in the Humanities,1
source_year_texts,2016,,,Literary and Linguistic Computing/Digital Scholarship in the Humanities,1
source_year_texts,2015,,,Literary and Linguistic Computing/Digital Scholarship in the Humanities,1
source_year_texts,2017,,,Literary and Linguistic Computing/Digital Scholarship in the Humanities,1
source_year_texts,2019,,,Literary and Linguistic Computing/Digital Scholarship in the Humanities,2
source_year_all_articles,1981,,,Index of DH Conferences,20
source_year_all_articles,1982,,,Index of DH Conferences,25
source_year_all_articles,1983,,,Index of DH Conferences,121
source_year_all_articles,1984,,,Index of DH Conferences,0
source_year_all_articles,1985,,,Index of DH Conferences,105
source_year_all_articles,1986,,,Index of DH Conferences,0
source_year_all_articles,1987,,,Index of DH Conferences,119
source_year_all_articles,1988,,,Index of DH Conferences,0
source_year_all_articles,1989,,,Index of DH Conferences,144
source_year_all_articles,1990,,,Index of DH Conferences,72
source_year_all_articles,1991,,,Index of DH Conferences,129
source_year_all_articles,1992,,,Index of DH Conferences,79
source_year_all_articles,1993,,,Index of DH Conferences,106
source_year_all_articles,1994,,,Index of DH Conferences,164
source_year_all_articles,1995,,,Index of DH Conferences,81
source_year_all_articles,1996,,,Index of DH Conferences,147
source_year_all_articles,1997,,,Index of DH Conferences,76
source_year_all_articles,1998,,,Index of DH Conferences,109
source_year_all_articles,1999,,,Index of DH Conferences,102
source_year_all_articles,2000,,,Index of DH Conferences,104
source_year_all_articles,2001,,,Index of DH Conferences,94
source_year_all_articles,2002,,,Index of DH Conferences,72
source_year_all_articles,2003,,,Index of DH Conferences,83
source_year_all_articles,2004,,,Index of DH Conferences,105
source_year_all_articles,2005,,,Index of DH Conferences,139
source_year_all_articles,2006,,,Index of DH Conferences,151
source_year_all_articles,2007,,,Index of DH Conferences,106
source_year_all_articles,2008,,,Index of DH Conferences,162
source_year_all_articles,2009,,,Index of DH Conferences,176
source_year_all_articles,2010,,,Index of DH Conferences,142
source_year_all_articles,2011,,,Index of DH Conferences,185
source_year_all_articles,2012,,,Index of DH Conferences,196
source_year_all_articles,2013,,,Index of DH Conferences,243
source_year_all_articles,2014,,,Index of DH Conferences,408
source_year_all_articles,2015,,,Index of DH Conferences,280
source_year_all_articles,2016,,,Index of DH Conferences,614
source_year_all_articles,2017,,,Index of DH Conferences,530
source_year_all_articles,2018,,,Index of DH Conferences,670
source_year_all_articles,2019,,,Index of DH Conferences,832
source_year_all_articles,2020,,,Index of DH Conferences,638
source_year_all_articles,2021,,,Index of DH Conferences,154
source_year_all_articles,2022,,,Index of DH Conferences,634
source_year_all_articles,2023,,,Index of DH Conferences,220
source_year_all_articles,2024,,,Index of DH Conferences,0
source_year_all_articles,2025,,,Index of DH Conferences,0
source_year_all_articles,2026,,,Index of DH Conferences,0
source_year_all_articles,1981,,,Digital Humanities Quarterly,0
source_year_all_articles,1982,,,Digital Humanities Quarterly,0
source_year_all_articles,1983,,,Digital Humanities Quarterly,0
source_year_all_articles,1984,,,Digital Humanities Quarterly,0
source_year_all_articles,1985,,,Digital Humanities Quarterly,0
source_year_all_articles,1986,,,Digital Humanities Quarterly,0
source_year_all_articles,1987,,,Digital Humanities Quarterly,0
source_year_all_articles,1988,,,Digital Humanities Quarterly,0
source_year_all_articles,1989,,,Digital Humanities Quarterly,0
source_year_all_articles,1990,,,Digital Humanities Quarterly,0
source_year_all_articles,1991,,,Digital Humanities Quarterly,0
source_year_all_articles,1992,,,Digital Humanities Quarterly,0
source_year_all_articles,1993,,,Digital Humanities Quarterly,0
source_year_all_articles,1994,,,Digital Humanities Quarterly,0
source_year_all_articles,1995,,,Digital Humanities Quarterly,0
source_year_all_articles,1996,,,Digital Humanities Quarterly,0
source_year_all_articles,1997,,,Digital Humanities Quarterly,0
source_year_all_articles,1998,,,Digital Humanities Quarterly,0
source_year_all_articles,1999,,,Digital Humanities Quarterly,0
source_year_all_articles,2000,,,Digital Humanities Quarterly,0
source_year_all_articles,2001,,,Digital Humanities Quarterly,0
source_year_all_articles,2002,,,Digital Humanities Quarterly,0
source_year_all_articles,2003,,,Digital Humanities Quarterly,0
source_year_all_articles,2004,,,Digital Humanities Quarterly,0
source_year_all_articles,2005,,,Digital Humanities Quarterly,0
source_year_all_articles,2006,,,Digital Humanities Quarterly,0
source_year_all_articles,2007,,,Digital Humanities Quarterly,14
source_year_all_articles,2008,,,Digital Humanities Quarterly,6
source_year_all_articles,2009,,,Digital Humanities Quarterly,59
source_year_all_articles,2010,,,Digital Humanities Quarterly,10
source_year_all_articles,2011,,,Digital Humanities Quarterly,20
source_year_all_articles,2012,,,Digital Humanities Quarterly,29
source_year_all_articles,2013,,,Digital Humanities Quarterly,30
source_year_all_articles,2014,,,Digital Humanities Quarterly,28
source_year_all_articles,2015,,,Digital Humanities Quarterly,34
source_year_all_articles,2016,,,Digital Humanities Quarterly,48
source_year_all_articles,2017,,,Digital Humanities Quarterly,71
source_year_all_articles,2018,,,Digital Humanities Quarterly,57
source_year_all_articles,2019,,,Digital Humanities Quarterly,32
source_year_all_articles,2020,,,Digital Humanities Quarterly,67
source_year_all_articles,2021,,,Digital Humanities Quarterly,68
source_year_all_articles,2022,,,Digital Humanities Quarterly,72
source_year_all_articles,2023,,,Digital Humanities Quarterly,76
source_year_all_articles,2024,,,Digital Humanities Quarterly,43
source_year_all_articles,2025,,,Digital Humanities Quarterly,49
source_year_all_articles,2026,,,Digital Humanities Quarterly,42
source_year_all_articles,1981,,,Literary and Linguistic Computing/Digital Scholarship in the Humanities,0
source_year_all_articles,1982,,,Literary and Linguistic Computing/Digital Scholarship in the Humanities,0
source_year_all_articles,1983,,,Literary and Linguistic Computing/Digital Scholarship in the Humanities,0
source_year_all_articles,1984,,,Literary and Linguistic Computing/Digital Scholarship in the Humanities,0
source_year_all_articles,1985,,,Literary and Linguistic Computing/Digital Scholarship in the Humanities,0
source_year_all_articles,1986,,,Literary and Linguistic Computing/Digital Scholarship in the Humanities,63
source_year_all_articles,1987,,,Literary and Linguistic Computing/Digital Scholarship in the Humanities,86
source_year_all_articles,1988,,,Literary and Linguistic Computing/Digital Scholarship in the Humanities,62
source_year_all_articles,1989,,,Literary and Linguistic Computing/Digital Scholarship in the Humanities,76
source_year_all_articles,1990,,,Literary and Linguistic Computing/Digital Scholarship in the Humanities,75
source_year_all_articles,1991,,,Literary and Linguistic Computing/Digital Scholarship in the Humanities,66
source_year_all_articles,1992,,,Literary and Linguistic Computing/Digital Scholarship in the Humanities,49
source_year_all_articles,1993,,,Literary and Linguistic Computing/Digital Scholarship in the Humanities,55
source_year_all_articles,1994,,,Literary and Linguistic Computing/Digital Scholarship in the Humanities,58
source_year_all_articles,1995,,,Literary and Linguistic Computing/Digital Scholarship in the Humanities,60
source_year_all_articles,1996,,,Literary and Linguistic Computing/Digital Scholarship in the Humanities,43
source_year_all_articles,1997,,,Literary and Linguistic Computing/Digital Scholarship in the Humanities,42
source_year_all_articles,1998,,,Literary and Linguistic Computing/Digital Scholarship in the Humanities,35
source_year_all_articles,1999,,,Literary and Linguistic Computing/Digital Scholarship in the Humanities,39
source_year_all_articles,2000,,,Literary and Linguistic Computing/Digital Scholarship in the Humanities,33
source_year_all_articles,2001,,,Literary and Linguistic Computing/Digital Scholarship in the Humanities,36
source_year_all_articles,2002,,,Literary and Linguistic Computing/Digital Scholarship in the Humanities,40
source_year_all_articles,2003,,,Literary and Linguistic Computing/Digital Scholarship in the Humanities,43
source_year_all_articles,2004,,,Literary and Linguistic Computing/Digital Scholarship in the Humanities,46
source_year_all_articles,2005,,,Literary and Linguistic Computing/Digital Scholarship in the Humanities,77
source_year_all_articles,2006,,,Literary and Linguistic Computing/Digital Scholarship in the Humanities,52
source_year_all_articles,2007,,,Literary and Linguistic Computing/Digital Scholarship in the Humanities,45
source_year_all_articles,2008,,,Literary and Linguistic Computing/Digital Scholarship in the Humanities,38
source_year_all_articles,2009,,,Literary and Linguistic Computing/Digital Scholarship in the Humanities,51
source_year_all_articles,2010,,,Literary and Linguistic Computing/Digital Scholarship in the Humanities,29
source_year_all_articles,2011,,,Literary and Linguistic Computing/Digital Scholarship in the Humanities,50
source_year_all_articles,2012,,,Literary and Linguistic Computing/Digital Scholarship in the Humanities,55
source_year_all_articles,2013,,,Literary and Linguistic Computing/Digital Scholarship in the Humanities,92
source_year_all_articles,2014,,,Literary and Linguistic Computing/Digital Scholarship in the Humanities,70
source_year_all_articles,2015,,,Literary and Linguistic Computing/Digital Scholarship in the Humanities,69
source_year_all_articles,2016,,,Literary and Linguistic Computing/Digital Scholarship in the Humanities,65
source_year_all_articles,2017,,,Literary and Linguistic Computing/Digital Scholarship in the Humanities,68
source_year_all_articles,2018,,,Literary and Linguistic Computing/Digital Scholarship in the Humanities,78
source_year_all_articles,2019,,,Literary and Linguistic Computing/Digital Scholarship in the Humanities,93
source_year_all_articles,2020,,,Literary and Linguistic Computing/Digital Scholarship in the Humanities,69
source_year_all_articles,2021,,,Literary and Linguistic Computing/Digital Scholarship in the Humanities,122
source_year_all_articles,2022,,,Literary and Linguistic Computing/Digital Scholarship in the Humanities,98
source_year_all_articles,2023,,,Literary and Linguistic Computing/Digital Scholarship in the Humanities,97
source_year_all_articles,2024,,,Literary and Linguistic Computing/Digital Scholarship in the Humanities,106
source_year_all_articles,2025,,,Literary and Linguistic Computing/Digital Scholarship in the Humanities,144
source_year_all_articles,2026,,,Literary and Linguistic Computing/Digital Scholarship in the Humanities,123
source_year_all_articles,1981,,,Computers and Translation/Computers and the Humanities/Machine Translation/Language Resources and Evaluation,26
source_year_all_articles,1982,,,Computers and Translation/Computers and the Humanities/Machine Translation/Language Resources and Evaluation,27
source_year_all_articles,1983,,,Computers and Translation/Computers and the Humanities/Machine Translation/Language Resources and Evaluation,19
source_year_all_articles,1984,,,Computers and Translation/Computers and the Humanities/Machine Translation/Language Resources and Evaluation,26
source_year_all_articles,1985,,,Computers and Translation/Computers and the Humanities/Machine Translation/Language Resources and Evaluation,33
source_year_all_articles,1986,,,Computers and Translation/Computers and the Humanities/Machine Translation/Language Resources and Evaluation,49
source_year_all_articles,1987,,,Computers and Translation/Computers and the Humanities/Machine Translation/Language Resources and Evaluation,26
source_year_all_articles,1988,,,Computers and Translation/Computers and the Humanities/Machine Translation/Language Resources and Evaluation,36
source_year_all_articles,1989,,,Computers and Translation/Computers and the Humanities/Machine Translation/Language Resources and Evaluation,63
source_year_all_articles,1990,,,Computers and Translation/Computers and the Humanities/Machine Translation/Language Resources and Evaluation,56
source_year_all_articles,1991,,,Computers and Translation/Computers and the Humanities/Machine Translation/Language Resources and Evaluation,50
source_year_all_articles,1992,,,Computers and Translation/Computers and the Humanities/Machine Translation/Language Resources and Evaluation,49
source_year_all_articles,1993,,,Computers and Translation/Computers and the Humanities/Machine Translation/Language Resources and Evaluation,46
source_year_all_articles,1994,,,Computers and Translation/Computers and the Humanities/Machine Translation/Language Resources and Evaluation,42
source_year_all_articles,1995,,,Computers and Translation/Computers and the Humanities/Machine Translation/Language Resources and Evaluation,39
source_year_all_articles,1996,,,Computers and Translation/Computers and the Humanities/Machine Translation/Language Resources and Evaluation,44
source_year_all_articles,1997,,,Computers and Translation/Computers and the Humanities/Machine Translation/Language Resources and Evaluation,31
source_year_all_articles,1998,,,Computers and Translation/Computers and the Humanities/Machine Translation/Language Resources and Evaluation,23
source_year_all_articles,1999,,,Computers and Translation/Computers and the Humanities/Machine Translation/Language Resources and Evaluation,31
source_year_all_articles,2000,,,Computers and Translation/Computers and the Humanities/Machine Translation/Language Resources and Evaluation,38
source_year_all_articles,2001,,,Computers and Translation/Computers and the Humanities/Machine Translation/Language Resources and Evaluation,30
source_year_all_articles,2002,,,Computers and Translation/Computers and the Humanities/Machine Translation/Language Resources and Evaluation,31
source_year_all_articles,2003,,,Computers and Translation/Computers and the Humanities/Machine Translation/Language Resources and Evaluation,36
source_year_all_articles,2004,,,Computers and Translation/Computers and the Humanities/Machine Translation/Language Resources and Evaluation,26
source_year_all_articles,2005,,,Computers and Translation/Computers and the Humanities/Machine Translation/Language Resources and Evaluation,19
source_year_all_articles,2006,,,Computers and Translation/Computers and the Humanities/Machine Translation/Language Resources and Evaluation,26
source_year_all_articles,2007,,,Computers and Translation/Computers and the Humanities/Machine Translation/Language Resources and Evaluation,22
source_year_all_articles,2008,,,Computers and Translation/Computers and the Humanities/Machine Translation/Language Resources and Evaluation,23
source_year_all_articles,2009,,,Computers and Translation/Computers and the Humanities/Machine Translation/Language Resources and Evaluation,20
source_year_all_articles,2010,,,Computers and Translation/Computers and the Humanities/Machine Translation/Language Resources and Evaluation,23
source_year_all_articles,2011,,,Computers and Translation/Computers and the Humanities/Machine Translation/Language Resources and Evaluation,27
source_year_all_articles,2012,,,Computers and Translation/Computers and the Humanities/Machine Translation/Language Resources and Evaluation,37
source_year_all_articles,2013,,,Computers and Translation/Computers and the Humanities/Machine Translation/Language Resources and Evaluation,58
source_year_all_articles,2014,,,Computers and Translation/Computers and the Humanities/Machine Translation/Language Resources and Evaluation,32
source_year_all_articles,2015,,,Computers and Translation/Computers and the Humanities/Machine Translation/Language Resources and Evaluation,33
source_year_all_articles,2016,,,Computers and Translation/Computers and the Humanities/Machine Translation/Language Resources and Evaluation,33
source_year_all_articles,2017,,,Computers and Translation/Computers and the Humanities/Machine Translation/Language Resources and Evaluation,41
source_year_all_articles,2018,,,Computers and Translation/Computers and the Humanities/Machine Translation/Language Resources and Evaluation,36
source_year_all_articles,2019,,,Computers and Translation/Computers and the Humanities/Machine Translation/Language Resources and Evaluation,33
source_year_all_articles,2020,,,Computers and Translation/Computers and the Humanities/Machine Translation/Language Resources and Evaluation,40
source_year_all_articles,2021,,,Computers and Translation/Computers and the Humanities/Machine Translation/Language Resources and Evaluation,47
source_year_all_articles,2022,,,Computers and Translation/Computers and the Humanities/Machine Translation/Language Resources and Evaluation,47
source_year_all_articles,2023,,,Computers and Translation/Computers and the Humanities/Machine Translation/Language Resources and Evaluation,67
source_year_all_articles,2024,,,Computers and Translation/Computers and the Humanities/Machine Translation/Language Resources and Evaluation,52
source_year_all_articles,2025,,,Computers and Translation/Computers and the Humanities/Machine Translation/Language Resources and Evaluation,155
source_year_all_articles,2026,,,Computers and Translation/Computers and the Humanities/Machine Translation/Language Resources and Evaluation,60
source_year_all_articles,1981,,,Journal of Cultural Analytics,0
source_year_all_articles,1982,,,Journal of Cultural Analytics,0
source_year_all_articles,1983,,,Journal of Cultural Analytics,0
source_year_all_articles,1984,,,Journal of Cultural Analytics,0
source_year_all_articles,1985,,,Journal of Cultural Analytics,0
source_year_all_articles,1986,,,Journal of Cultural Analytics,0
source_year_all_articles,1987,,,Journal of Cultural Analytics,0
source_year_all_articles,1988,,,Journal of Cultural Analytics,0
source_year_all_articles,1989,,,Journal of Cultural Analytics,0
source_year_all_articles,1990,,,Journal of Cultural Analytics,0
source_year_all_articles,1991,,,Journal of Cultural Analytics,0
source_year_all_articles,1992,,,Journal of Cultural Analytics,0
source_year_all_articles,1993,,,Journal of Cultural Analytics,0
source_year_all_articles,1994,,,Journal of Cultural Analytics,0
source_year_all_articles,1995,,,Journal of Cultural Analytics,0
source_year_all_articles,1996,,,Journal of Cultural Analytics,0
source_year_all_articles,1997,,,Journal of Cultural Analytics,0
source_year_all_articles,1998,,,Journal of Cultural Analytics,0
source_year_all_articles,1999,,,Journal of Cultural Analytics,0
source_year_all_articles,2000,,,Journal of Cultural Analytics,0
source_year_all_articles,2001,,,Journal of Cultural Analytics,0
source_year_all_articles,2002,,,Journal of Cultural Analytics,0
source_year_all_articles,2003,,,Journal of Cultural Analytics,0
source_year_all_articles,2004,,,Journal of Cultural Analytics,0
source_year_all_articles,2005,,,Journal of Cultural Analytics,0
source_year_all_articles,2006,,,Journal of Cultural Analytics,0
source_year_all_articles,2007,,,Journal of Cultural Analytics,0
source_year_all_articles,2008,,,Journal of Cultural Analytics,0
source_year_all_articles,2009,,,Journal of Cultural Analytics,0
source_year_all_articles,2010,,,Journal of Cultural Analytics,0
source_year_all_articles,2011,,,Journal of Cultural Analytics,0
source_year_all_articles,2012,,,Journal of Cultural Analytics,0
source_year_all_articles,2013,,,Journal of Cultural Analytics,0
source_year_all_articles,2014,,,Journal of Cultural Analytics,0
source_year_all_articles,2015,,,Journal of Cultural Analytics,0
source_year_all_articles,2016,,,Journal of Cultural Analytics,6
source_year_all_articles,2017,,,Journal of Cultural Analytics,6
source_year_all_articles,2018,,,Journal of Cultural Analytics,9
source_year_all_articles,2019,,,Journal of Cultural Analytics,6
source_year_all_articles,2020,,,Journal of Cultural Analytics,20
source_year_all_articles,2021,,,Journal of Cultural Analytics,15
source_year_all_articles,2022,,,Journal of Cultural Analytics,7
source_year_all_articles,2023,,,Journal of Cultural Analytics,8
source_year_all_articles,2024,,,Journal of Cultural Analytics,4
source_year_all_articles,2025,,,Journal of Cultural Analytics,6
source_year_all_articles,2026,,,Journal of Cultural Analytics,9
source_year_all_articles,1981,,,Journal of the Text Encoding Initiative,0
source_year_all_articles,1982,,,Journal of the Text Encoding Initiative,0
source_year_all_articles,1983,,,Journal of the Text Encoding Initiative,0
source_year_all_articles,1984,,,Journal of the Text Encoding Initiative,0
source_year_all_articles,1985,,,Journal of the Text Encoding Initiative,0
source_year_all_articles,1986,,,Journal of the Text Encoding Initiative,0
source_year_all_articles,1987,,,Journal of the Text Encoding Initiative,0
source_year_all_articles,1988,,,Journal of the Text Encoding Initiative,0
source_year_all_articles,1989,,,Journal of the Text Encoding Initiative,0
source_year_all_articles,1990,,,Journal of the Text Encoding Initiative,0
source_year_all_articles,1991,,,Journal of the Text Encoding Initiative,0
source_year_all_articles,1992,,,Journal of the Text Encoding Initiative,0
source_year_all_articles,1993,,,Journal of the Text Encoding Initiative,0
source_year_all_articles,1994,,,Journal of the Text Encoding Initiative,0
source_year_all_articles,1995,,,Journal of the Text Encoding Initiative,0
source_year_all_articles,1996,,,Journal of the Text Encoding Initiative,0
source_year_all_articles,1997,,,Journal of the Text Encoding Initiative,0
source_year_all_articles,1998,,,Journal of the Text Encoding Initiative,0
source_year_all_articles,1999,,,Journal of the Text Encoding Initiative,0
source_year_all_articles,2000,,,Journal of the Text Encoding Initiative,0
source_year_all_articles,2001,,,Journal of the Text Encoding Initiative,0
source_year_all_articles,2002,,,Journal of the Text Encoding Initiative,0
source_year_all_articles,2003,,,Journal of the Text Encoding Initiative,0
source_year_all_articles,2004,,,Journal of the Text Encoding Initiative,0
source_year_all_articles,2005,,,Journal of the Text Encoding Initiative,0
source_year_all_articles,2006,,,Journal of the Text Encoding Initiative,0
source_year_all_articles,2007,,,Journal of the Text Encoding Initiative,0
source_year_all_articles,2008,,,Journal of the Text Encoding Initiative,0
source_year_all_articles,2009,,,Journal of the Text Encoding Initiative,0
source_year_all_articles,2010,,,Journal of the Text Encoding Initiative,0
source_year_all_articles,2011,,,Journal of the Text Encoding Initiative,6
source_year_all_articles,2012,,,Journal of the Text Encoding Initiative,15
source_year_all_articles,2013,,,Journal of the Text Encoding Initiative,21
source_year_all_articles,2014,,,Journal of the Text Encoding Initiative,21
source_year_all_articles,2015,,,Journal of the Text Encoding Initiative,0
source_year_all_articles,2016,,,Journal of the Text Encoding Initiative,14
source_year_all_articles,2017,,,Journal of the Text Encoding Initiative,0
source_year_all_articles,2018,,,Journal of the Text Encoding Initiative,0
source_year_all_articles,2019,,,Journal of the Text Encoding Initiative,0
source_year_all_articles,2020,,,Journal of the Text Encoding Initiative,26
source_year_all_articles,2021,,,Journal of the Text Encoding Initiative,13
source_year_all_articles,2022,,,Journal of the Text Encoding Initiative,0
source_year_all_articles,2023,,,Journal of the Text Encoding Initiative,7
source_year_all_articles,2024,,,Journal of the Text Encoding Initiative,23
source_year_all_articles,2025,,,Journal of the Text Encoding Initiative,5
source_year_all_articles,2026,,,Journal of the Text Encoding Initiative,4
source_year_all_articles,1981,,,Digital Medievalist,0
source_year_all_articles,1982,,,Digital Medievalist,0
source_year_all_articles,1983,,,Digital Medievalist,0
source_year_all_articles,1984,,,Digital Medievalist,0
source_year_all_articles,1985,,,Digital Medievalist,0
source_year_all_articles,1986,,,Digital Medievalist,0
source_year_all_articles,1987,,,Digital Medievalist,0
source_year_all_articles,1988,,,Digital Medievalist,0
source_year_all_articles,1989,,,Digital Medievalist,0
source_year_all_articles,1990,,,Digital Medievalist,0
source_year_all_articles,1991,,,Digital Medievalist,0
source_year_all_articles,1992,,,Digital Medievalist,0
source_year_all_articles,1993,,,Digital Medievalist,0
source_year_all_articles,1994,,,Digital Medievalist,0
source_year_all_articles,1995,,,Digital Medievalist,0
source_year_all_articles,1996,,,Digital Medievalist,0
source_year_all_articles,1997,,,Digital Medievalist,0
source_year_all_articles,1998,,,Digital Medievalist,0
source_year_all_articles,1999,,,Digital Medievalist,0
source_year_all_articles,2000,,,Digital Medievalist,0
source_year_all_articles,2001,,,Digital Medievalist,0
source_year_all_articles,2002,,,Digital Medievalist,0
source_year_all_articles,2003,,,Digital Medievalist,0
source_year_all_articles,2004,,,Digital Medievalist,0
source_year_all_articles,2005,,,Digital Medievalist,8
source_year_all_articles,2006,,,Digital Medievalist,5
source_year_all_articles,2007,,,Digital Medievalist,2
source_year_all_articles,2008,,,Digital Medievalist,6
source_year_all_articles,2009,,,Digital Medievalist,4
source_year_all_articles,2010,,,Digital Medievalist,0
source_year_all_articles,2011,,,Digital Medievalist,5
source_year_all_articles,2012,,,Digital Medievalist,15
source_year_all_articles,2013,,,Digital Medievalist,9
source_year_all_articles,2014,,,Digital Medievalist,0
source_year_all_articles,2015,,,Digital Medievalist,7
source_year_all_articles,2016,,,Digital Medievalist,0
source_year_all_articles,2017,,,Digital Medievalist,0
source_year_all_articles,2018,,,Digital Medievalist,6
source_year_all_articles,2019,,,Digital Medievalist,5
source_year_all_articles,2020,,,Digital Medievalist,1
source_year_all_articles,2021,,,Digital Medievalist,7
source_year_all_articles,2022,,,Digital Medievalist,4
source_year_all_articles,2023,,,Digital Medievalist,1
source_year_all_articles,2024,,,Digital Medievalist,7
source_year_all_articles,2025,,,Digital Medievalist,4
source_year_all_articles,2026,,,Digital Medievalist,5
source_year_all_articles,1981,,,Digital Classics Online,0
source_year_all_articles,1982,,,Digital Classics Online,0
source_year_all_articles,1983,,,Digital Classics Online,0
source_year_all_articles,1984,,,Digital Classics Online,0
source_year_all_articles,1985,,,Digital Classics Online,0
source_year_all_articles,1986,,,Digital Classics Online,0
source_year_all_articles,1987,,,Digital Classics Online,0
source_year_all_articles,1988,,,Digital Classics Online,0
source_year_all_articles,1989,,,Digital Classics Online,0
source_year_all_articles,1990,,,Digital Classics Online,0
source_year_all_articles,1991,,,Digital Classics Online,0
source_year_all_articles,1992,,,Digital Classics Online,0
source_year_all_articles,1993,,,Digital Classics Online,0
source_year_all_articles,1994,,,Digital Classics Online,0
source_year_all_articles,1995,,,Digital Classics Online,0
source_year_all_articles,1996,,,Digital Classics Online,0
source_year_all_articles,1997,,,Digital Classics Online,0
source_year_all_articles,1998,,,Digital Classics Online,0
source_year_all_articles,1999,,,Digital Classics Online,0
source_year_all_articles,2000,,,Digital Classics Online,0
source_year_all_articles,2001,,,Digital Classics Online,0
source_year_all_articles,2002,,,Digital Classics Online,0
source_year_all_articles,2003,,,Digital Classics Online,0
source_year_all_articles,2004,,,Digital Classics Online,0
source_year_all_articles,2005,,,Digital Classics Online,0
source_year_all_articles,2006,,,Digital Classics Online,0
source_year_all_articles,2007,,,Digital Classics Online,0
source_year_all_articles,2008,,,Digital Classics Online,0
source_year_all_articles,2009,,,Digital Classics Online,0
source_year_all_articles,2010,,,Digital Classics Online,0
source_year_all_articles,2011,,,Digital Classics Online,0
source_year_all_articles,2012,,,Digital Classics Online,0
source_year_all_articles,2013,,,Digital Classics Online,0
source_year_all_articles,2014,,,Digital Classics Online,0
source_year_all_articles,2015,,,Digital Classics Online,7
source_year_all_articles,2016,,,Digital Classics Online,20
source_year_all_articles,2017,,,Digital Classics Online,20
source_year_all_articles,2018,,,Digital Classics Online,11
source_year_all_articles,2019,,,Digital Classics Online,10
source_year_all_articles,2020,,,Digital Classics Online,12
source_year_all_articles,2021,,,Digital Classics Online,5
source_year_all_articles,2022,,,Digital Classics Online,6
source_year_all_articles,2023,,,Digital Classics Online,9
source_year_all_articles,2024,,,Digital Classics Online,11
source_year_all_articles,2025,,,Digital Classics Online,3
source_year_all_articles,2026,,,Digital Classics Online,21
textile_cooccurrence,,knit,together,,13
textile_cooccurrence,,knit,data,,5
textile_cooccurrence,,knit,project,,5
textile_cooccurrence,,knit,language,,4
textile_cooccurrence,,knit,element,,4
textile_cooccurrence,,weave,text,,29
textile_cooccurrence,,weave,loom,,21
textile_cooccurrence,,weave,digital,,19
textile_cooccurrence,,weave,together,,17
textile_cooccurrence,,weave,inner,,12
textile_cooccurrence,,fabric,differential,,4
textile_cooccurrence,,fabric,trace,,4
textile_cooccurrence,,fabric,network,,3
textile_cooccurrence,,fabric,text,,3
textile_cooccurrence,,fabric,writing,,2
textile_cooccurrence,,tapestry,rich,,7
textile_cooccurrence,,tapestry,linguistic,,5
textile_cooccurrence,,tapestry,diversity,,4
textile_cooccurrence,,tapestry,language,,3
textile_cooccurrence,,tapestry,historical,,3
textile_cooccurrence,,loom,better,,3
textile_cooccurrence,,loom,weave,,3
textile_cooccurrence,,loom,either,,2
textile_cooccurrence,,loom,bellow,,2
textile_cooccurrence,,loom,locomotive,,2
textile_cooccurrence,,stitch,together,,30
textile_cooccurrence,,stitch,case,,6
textile_cooccurrence,,stitch,individual,,5
textile_cooccurrence,,stitch,digital,,5
textile_cooccurrence,,stitch,user,,5
textile_cooccurrence,,thread,text,,14
textile_cooccurrence,,thread,together,,9
textile_cooccurrence,,thread,digital,,6
textile_cooccurrence,,thread,reader,,4
textile_cooccurrence,,thread,story,,4
textile_cooccurrence,,warp,weft,,7
textile_cooccurrence,,warp,digital,,5
textile_cooccurrence,,warp,language,,5
textile_cooccurrence,,warp,weave,,5
textile_cooccurrence,,warp,together,,4
textile_cooccurrence,,weft,warp,,8
textile_cooccurrence,,weft,together,,4
textile_cooccurrence,,weft,paper,,3
textile_cooccurrence,,weft,pencil,,3
textile_cooccurrence,,weft,bridge,,3
textile_cooccurrence,,sew,instructor,,1
textile_cooccurrence,,sew,track,,1
textile_cooccurrence,,sew,engagement,,1
textile_cooccurrence,,sew,throughout,,1
textile_cooccurrence,,sew,course,,1
textile_cooccurrence,,spin,collective,,1
textile_cooccurrence,,spin,blindness,,1
textile_cooccurrence,,spin,compounded,,1
textile_cooccurrence,,spin,consistent,,1
textile_cooccurrence,,spin,muteness,,1
textile_collocation,,knit,together,,12
textile_collocation,,knit,project,,2
textile_collocation,,knit,fragment,,2
textile_collocation,,knit,derived,,2
textile_collocation,,knit,need,,1
textile_collocation,,knit,scholarly,,1
textile_collocation,,knit,angle,,1
textile_collocation,,knit,single,,1
textile_collocation,,weave,together,,13
textile_collocation,,weave,loom,,10
textile_collocation,,weave,inner,,9
textile_collocation,,weave,digital,,6
textile_collocation,,weave,text,,4
textile_collocation,,weave,story,,4
textile_collocation,,weave,texere,,3
textile_collocation,,weave,component,,3
textile_collocation,,fabric,differential,,2
textile_collocation,,fabric,network,,2
textile_collocation,,fabric,trace,,2
textile_collocation,,fabric,referring,,2
textile_collocation,,fabric,text,,2
textile_collocation,,fabric,discursive,,2
textile_collocation,,fabric,applied,,1
textile_collocation,,fabric,representation,,1
textile_collocation,,tapestry,rich,,7
textile_collocation,,tapestry,linguistic,,5
textile_collocation,,tapestry,diversity,,4
textile_collocation,,tapestry,belong,,2
textile_collocation,,tapestry,record,,2
textile_collocation,,tapestry,coherent,,1
textile_collocation,,tapestry,psychological,,1
textile_collocation,,tapestry,approach,,1
textile_collocation,,loom,better,,2
textile_collocation,,loom,compared,,2
textile_collocation,,loom,proposed,,2
textile_collocation,,loom,performs,,1
textile_collocation,,loom,productively,,1
textile_collocation,,loom,like,,1
textile_collocation,,loom,power,,1
textile_collocation,,loom,inevitably,,1
textile_collocation,,stitch,together,,26
textile_collocation,,stitch,might,,3
textile_collocation,,stitch,assemble,,3
textile_collocation,,stitch,reassemble,,3
textile_collocation,,stitch,set,,2
textile_collocation,,stitch,fragment,,2
textile_collocation,,stitch,program,,2
textile_collocation,,stitch,involves,,2
textile_collocation,,thread,argumentative,,3
textile_collocation,,thread,narrative,,2
textile_collocation,,thread,ariadne,,2
textile_collocation,,thread,unites,,2
textile_collocation,,thread,connecting,,2
textile_collocation,,thread,running,,2
textile_collocation,,thread,juxtaposition,,1
textile_collocation,,thread,analyzes,,1
textile_collocation,,warp,weft,,4
textile_collocation,,warp,prose,,2
textile_collocation,,warp,amid,,2
textile_collocation,,warp,rug,,2
textile_collocation,,warp,together,,2
textile_collocation,,warp,seen,,2
textile_collocation,,warp,digital,,2
textile_collocation,,warp,entire,,1
textile_collocation,,weft,warp,,4
textile_collocation,,weft,amid,,2
textile_collocation,,weft,poetry,,2
textile_collocation,,weft,language,,1
textile_collocation,,weft,let,,1
textile_collocation,,weft,story,,1
textile_collocation,,weft,together,,1
textile_collocation,,weft,digital,,1
textile_collocation,,sew,kit,,1
textile_collocation,,sew,order,,1
textile_collocation,,spin,becomes,,1
textile_collocation,,spin,apparent,,1
year_cooccurrence_rate,2013,knit,data,,0.125
year_cooccurrence_rate,2015,knit,data,,0.2
year_cooccurrence_rate,2005,knit,data,,1.0
year_cooccurrence_rate,2013,knit,make,,0.125
year_cooccurrence_rate,2013,knit,fully,,0.125
year_cooccurrence_rate,2013,knit,interoperable,,0.125
year_cooccurrence_rate,2013,knit,need,,0.125
year_cooccurrence_rate,2017,knit,need,,0.1
year_cooccurrence_rate,2013,knit,semantic,,0.125
year_cooccurrence_rate,2017,knit,semantic,,0.1
year_cooccurrence_rate,2013,knit,web,,0.125
year_cooccurrence_rate,2012,knit,web,,0.25
year_cooccurrence_rate,2003,knit,web,,0.5
year_cooccurrence_rate,2013,knit,availability,,0.125
year_cooccurrence_rate,2013,knit,tei,,0.125
year_cooccurrence_rate,2013,knit,source,,0.125
year_cooccurrence_rate,2017,knit,source,,0.1
year_cooccurrence_rate,2018,knit,source,,0.143
year_cooccurrence_rate,2013,knit,standard,,0.125
year_cooccurrence_rate,2012,knit,standard,,0.25
year_cooccurrence_rate,2025,knit,rutgers,,0.059
year_cooccurrence_rate,2025,knit,alumnus,,0.059
year_cooccurrence_rate,2025,knit,principal,,0.059
year_cooccurrence_rate,2025,knit,investigator,,0.059
year_cooccurrence_rate,2025,knit,turned,,0.059
year_cooccurrence_rate,2025,knit,attention,,0.059
year_cooccurrence_rate,2025,knit,potential,,0.059
year_cooccurrence_rate,2015,knit,potential,,0.1
year_cooccurrence_rate,2017,knit,potential,,0.1
year_cooccurrence_rate,2025,knit,scholarly,,0.059
year_cooccurrence_rate,2025,knit,angle,,0.059
year_cooccurrence_rate,2025,knit,together,,0.118
year_cooccurrence_rate,2015,knit,together,,0.2
year_cooccurrence_rate,2016,knit,together,,0.125
year_cooccurrence_rate,2017,knit,together,,0.3
year_cooccurrence_rate,2018,knit,together,,0.143
year_cooccurrence_rate,2023,knit,together,,0.1
year_cooccurrence_rate,1981,knit,together,,2.0
year_cooccurrence_rate,1997,knit,together,,1.0
year_cooccurrence_rate,2025,knit,single,,0.059
year_cooccurrence_rate,2025,knit,work,,0.059
year_cooccurrence_rate,2025,knit,disparate,,0.059
year_cooccurrence_rate,2025,knit,piece,,0.059
year_cooccurrence_rate,2025,knit,order,,0.059
year_cooccurrence_rate,2025,knit,event,,0.059
year_cooccurrence_rate,2025,knit,run,,0.059
year_cooccurrence_rate,2025,knit,counter,,0.059
year_cooccurrence_rate,2025,knit,parameter,,0.118
year_cooccurrence_rate,2025,knit,back,,0.059
year_cooccurrence_rate,1981,knit,back,,1.0
year_cooccurrence_rate,2025,knit,estimate,,0.059
year_cooccurrence_rate,2025,knit,underlying,,0.059
year_cooccurrence_rate,2025,knit,kinetic,,0.059
year_cooccurrence_rate,2025,knit,model,,0.059
year_cooccurrence_rate,2025,knit,closely,,0.059
year_cooccurrence_rate,2025,knit,deductive,,0.059
year_cooccurrence_rate,2025,knit,inductive,,0.059
year_cooccurrence_rate,2025,knit,modeling,,0.059
year_cooccurrence_rate,2025,knit,middle,,0.059
year_cooccurrence_rate,2025,knit,approach,,0.059
year_cooccurrence_rate,2025,knit,strike,,0.059
year_cooccurrence_rate,2025,knit,balance,,0.059
year_cooccurrence_rate,2025,knit,ability,,0.059
year_cooccurrence_rate,2012,knit,lexicographic,,0.25
year_cooccurrence_rate,2012,knit,endeavor,,0.25
year_cooccurrence_rate,2012,knit,guided,,0.25
year_cooccurrence_rate,2012,knit,vision,,0.25
year_cooccurrence_rate,2012,knit,ever,,0.25
year_cooccurrence_rate,2012,knit,densely,,0.25
year_cooccurrence_rate,2012,knit,dictionary,,0.25
year_cooccurrence_rate,2012,knit,reusable,,0.25
year_cooccurrence_rate,2012,knit,ideally,,0.25
year_cooccurrence_rate,2012,knit,publicly,,0.25
year_cooccurrence_rate,2012,knit,available,,0.25
year_cooccurrence_rate,2012,knit,language,,0.25
year_cooccurrence_rate,2015,knit,language,,0.1
year_cooccurrence_rate,2017,knit,language,,0.1
year_cooccurrence_rate,2005,knit,language,,0.5
year_cooccurrence_rate,2012,knit,resource,,0.25
year_cooccurrence_rate,2015,knit,male,,0.1
year_cooccurrence_rate,2015,knit,author,,0.1
year_cooccurrence_rate,2015,knit,book,,0.1
year_cooccurrence_rate,2015,knit,countless,,0.1
year_cooccurrence_rate,2015,knit,individual,,0.1
year_cooccurrence_rate,2015,knit,action,,0.2
year_cooccurrence_rate,2015,knit,like,,0.1
year_cooccurrence_rate,2015,knit,constitute,,0.1
year_cooccurrence_rate,2015,knit,core,,0.1
year_cooccurrence_rate,2015,knit,relationship,,0.1
year_cooccurrence_rate,2015,knit,profession,,0.1
year_cooccurrence_rate,2015,knit,often,,0.1
year_cooccurrence_rate,2015,knit,tiny,,0.1
year_cooccurrence_rate,2015,knit,benefit,,0.1
year_cooccurrence_rate,2015,knit,men,,0.1
year_cooccurrence_rate,2015,knit,woman,,0.1
year_cooccurrence_rate,2015,knit,chairing,,0.1
year_cooccurrence_rate,2015,knit,heuristic,,0.1
year_cooccurrence_rate,2015,knit,capability,,0.1
year_cooccurrence_rate,2015,knit,inherent,,0.1
year_cooccurrence_rate,2015,knit,syntax,,0.1
year_cooccurrence_rate,2015,knit,linked,,0.2
year_cooccurrence_rate,2017,knit,linked,,0.1
year_cooccurrence_rate,2021,knit,linked,,0.2
year_cooccurrence_rate,2015,knit,enrichment,,0.1
year_cooccurrence_rate,2017,knit,enrichment,,0.1
year_cooccurrence_rate,2015,knit,derived,,0.1
year_cooccurrence_rate,2017,knit,derived,,0.1
year_cooccurrence_rate,2005,knit,derived,,0.5
year_cooccurrence_rate,2015,knit,open,,0.1
year_cooccurrence_rate,2017,knit,open,,0.1
year_cooccurrence_rate,2015,knit,datasets,,0.1
year_cooccurrence_rate,2017,knit,datasets,,0.1
year_cooccurrence_rate,2015,knit,shed,,0.1
year_cooccurrence_rate,2015,knit,light,,0.1
year_cooccurrence_rate,2015,knit,underrepresented,,0.1
year_cooccurrence_rate,2015,knit,contributor,,0.1
year_cooccurrence_rate,2015,knit,participant,,0.1
year_cooccurrence_rate,2015,knit,asked,,0.1
year_cooccurrence_rate,2015,knit,come,,0.1
year_cooccurrence_rate,2015,knit,idea,,0.1
year_cooccurrence_rate,2015,knit,exchange,,0.1
year_cooccurrence_rate,2015,knit,network,,0.1
year_cooccurrence_rate,2017,knit,network,,0.1
year_cooccurrence_rate,2015,knit,scholarship,,0.1
year_cooccurrence_rate,2015,knit,various,,0.1
year_cooccurrence_rate,2015,knit,ortega,,0.1
year_cooccurrence_rate,2015,knit,concluding,,0.1
year_cooccurrence_rate,2015,knit,keynote,,0.1
year_cooccurrence_rate,2016,knit,among,,0.125
year_cooccurrence_rate,2016,knit,captivating,,0.125
year_cooccurrence_rate,2016,knit,difficult,,0.125
year_cooccurrence_rate,2016,knit,access,,0.125
year_cooccurrence_rate,2016,knit,paper,,0.125
year_cooccurrence_rate,2016,knit,recent,,0.125
year_cooccurrence_rate,2016,knit,trend,,0.125
year_cooccurrence_rate,2018,knit,trend,,0.143
year_cooccurrence_rate,2016,knit,digital,,0.125
year_cooccurrence_rate,2017,knit,digital,,0.1
year_cooccurrence_rate,2016,knit,humanity,,0.125
year_cooccurrence_rate,2016,knit,practice,,0.125
year_cooccurrence_rate,2016,knit,helped,,0.125
year_cooccurrence_rate,2017,knit,helped,,0.1
year_cooccurrence_rate,2016,knit,elevate,,0.125
year_cooccurrence_rate,2016,knit,unrepresented,,0.125
year_cooccurrence_rate,2016,knit,voice,,0.125
year_cooccurrence_rate,2016,knit,structural,,0.125
year_cooccurrence_rate,2016,knit,inequality,,0.125
year_cooccurrence_rate,2016,knit,race,,0.125
year_cooccurrence_rate,2016,knit,class,,0.125
year_cooccurrence_rate,2016,knit,gender,,0.125
year_cooccurrence_rate,2016,knit,accompanied,,0.125
year_cooccurrence_rate,2016,knit,rise,,0.125
year_cooccurrence_rate,2016,knit,computation,,0.125
year_cooccurrence_rate,2016,knit,technology,,0.125
year_cooccurrence_rate,2017,knit,technology,,0.1
year_cooccurrence_rate,2005,knit,technology,,0.5
year_cooccurrence_rate,2016,knit,view,,0.125
year_cooccurrence_rate,2016,knit,needed,,0.125
year_cooccurrence_rate,2016,knit,intervention,,0.125
year_cooccurrence_rate,2016,knit,help,,0.125
year_cooccurrence_rate,2016,knit,understand,,0.125
year_cooccurrence_rate,2016,knit,evolution,,0.125
year_cooccurrence_rate,2017,knit,social,,0.1
year_cooccurrence_rate,2017,knit,play,,0.1
year_cooccurrence_rate,2017,knit,describe,,0.1
year_cooccurrence_rate,2017,knit,structure,,0.1
year_cooccurrence_rate,2017,knit,dense,,0.1
year_cooccurrence_rate,2017,knit,binding,,0.1
year_cooccurrence_rate,2017,knit,occurs,,0.1
year_cooccurrence_rate,2017,knit,final,,0.1
year_cooccurrence_rate,2017,knit,scene,,0.1
year_cooccurrence_rate,2017,knit,chaos,,0.1
year_cooccurrence_rate,2017,knit,cleopatra,,0.1
year_cooccurrence_rate,2017,knit,defines,,0.1
year_cooccurrence_rate,2017,knit,suicide,,0.1
year_cooccurrence_rate,2017,knit,adaptive,,0.1
year_cooccurrence_rate,2017,knit,team,,0.1
year_cooccurrence_rate,2017,knit,wish,,0.1
year_cooccurrence_rate,2017,knit,expose,,0.1
year_cooccurrence_rate,2017,knit,seam,,0.1
year_cooccurrence_rate,2017,knit,technological,,0.1
year_cooccurrence_rate,2017,knit,infrastructure,,0.1
year_cooccurrence_rate,2023,knit,infrastructure,,0.1
year_cooccurrence_rate,2017,knit,academic,,0.1
year_cooccurrence_rate,2017,knit,assessment,,0.1
year_cooccurrence_rate,2017,knit,faculty,,0.2
year_cooccurrence_rate,2017,knit,student,,0.2
year_cooccurrence_rate,2017,knit,working,,0.1
year_cooccurrence_rate,2017,knit,project,,0.2
year_cooccurrence_rate,2023,knit,project,,0.3
year_cooccurrence_rate,2017,knit,fold,,0.1
year_cooccurrence_rate,2017,knit,lesson,,0.1
year_cooccurrence_rate,2017,knit,learned,,0.1
year_cooccurrence_rate,2017,knit,process,,0.1
year_cooccurrence_rate,2017,knit,result,,0.1
year_cooccurrence_rate,2017,knit,whole,,0.1
year_cooccurrence_rate,2000,knit,whole,,0.5
year_cooccurrence_rate,1998,knit,whole,,1.0
year_cooccurrence_rate,2017,knit,campus,,0.1
year_cooccurrence_rate,2017,knit,collaboration,,0.1
year_cooccurrence_rate,2017,knit,formally,,0.1
year_cooccurrence_rate,2017,knit,teaching,,0.1
year_cooccurrence_rate,2017,knit,research,,0.1
year_cooccurrence_rate,2017,knit,library,,0.1
year_cooccurrence_rate,2017,knit,educational,,0.1
year_cooccurrence_rate,2017,knit,technical,,0.1
year_cooccurrence_rate,2023,knit,technical,,0.1
year_cooccurrence_rate,2017,knit,acumen,,0.1
year_cooccurrence_rate,2017,knit,wsuv,,0.1
year_cooccurrence_rate,2017,knit,status,,0.1
year_cooccurrence_rate,2017,knit,land,,0.1
year_cooccurrence_rate,2017,knit,grant,,0.1
year_cooccurrence_rate,2017,knit,institution,,0.1
year_cooccurrence_rate,2017,knit,partly,,0.1
year_cooccurrence_rate,2017,knit,tight,,0.1
year_cooccurrence_rate,2017,knit,community,,0.1
year_cooccurrence_rate,1981,knit,community,,1.0
year_cooccurrence_rate,2017,knit,found,,0.1
year_cooccurrence_rate,2017,knit,university,,0.2
year_cooccurrence_rate,2017,knit,mere,,0.1
year_cooccurrence_rate,2017,knit,year,,0.1
year_cooccurrence_rate,2017,knit,ago,,0.1
year_cooccurrence_rate,2017,knit,since,,0.1
year_cooccurrence_rate,2017,knit,introduction,,0.1
year_cooccurrence_rate,2017,knit,lay,,0.1
year_cooccurrence_rate,2017,knit,bare,,0.1
year_cooccurrence_rate,2021,knit,bare,,0.2
year_cooccurrence_rate,2017,knit,human,,0.1
year_cooccurrence_rate,2017,knit,overlapping,,0.1
year_cooccurrence_rate,2017,knit,agency,,0.1
year_cooccurrence_rate,2017,knit,displaying,,0.1
year_cooccurrence_rate,2017,knit,joint,,0.1
year_cooccurrence_rate,2017,knit,become,,0.1
year_cooccurrence_rate,2017,knit,dean,,0.1
year_cooccurrence_rate,2017,knit,rehberger,,0.1
year_cooccurrence_rate,2017,knit,director,,0.1
year_cooccurrence_rate,2017,knit,matrix,,0.1
year_cooccurrence_rate,2017,knit,michigan,,0.1
year_cooccurrence_rate,2017,knit,state,,0.1
year_cooccurrence_rate,2017,knit,helpfully,,0.1
year_cooccurrence_rate,2017,knit,defined,,0.1
year_cooccurrence_rate,2017,knit,integration,,0.1
year_cooccurrence_rate,2017,knit,external,,0.1
year_cooccurrence_rate,2017,knit,domainspecific,,0.1
year_cooccurrence_rate,2017,knit,support,,0.1
year_cooccurrence_rate,2003,knit,support,,0.5
year_cooccurrence_rate,2017,knit,deeper,,0.1
year_cooccurrence_rate,2017,knit,multifaceted,,0.1
year_cooccurrence_rate,2017,knit,analysis,,0.1
year_cooccurrence_rate,2017,knit,diverse,,0.1
year_cooccurrence_rate,2017,knit,yet,,0.1
year_cooccurrence_rate,2017,knit,complementary,,0.1
year_cooccurrence_rate,2017,knit,offer,,0.1
year_cooccurrence_rate,2021,knit,offer,,0.2
year_cooccurrence_rate,2018,knit,wider,,0.143
year_cooccurrence_rate,2018,knit,disciplinary,,0.143
year_cooccurrence_rate,2018,knit,traverse,,0.143
year_cooccurrence_rate,2018,knit,layer,,0.143
year_cooccurrence_rate,1997,knit,layer,,1.0
year_cooccurrence_rate,2018,knit,apparatus,,0.143
year_cooccurrence_rate,2018,knit,note,,0.143
year_cooccurrence_rate,2018,knit,text,,0.143
year_cooccurrence_rate,1981,knit,text,,1.0
year_cooccurrence_rate,1997,knit,text,,1.0
year_cooccurrence_rate,2018,knit,primary,,0.143
year_cooccurrence_rate,2018,knit,secondary,,0.143
year_cooccurrence_rate,2018,knit,theoretical,,0.143
year_cooccurrence_rate,2018,knit,methodological,,0.143
year_cooccurrence_rate,2018,knit,insight,,0.143
year_cooccurrence_rate,2018,knit,extradisciplinary,,0.143
year_cooccurrence_rate,2018,knit,material,,0.143
year_cooccurrence_rate,2018,knit,hard,,0.143
year_cooccurrence_rate,2021,knit,wild,,0.2
year_cooccurrence_rate,2021,knit,competent,,0.2
year_cooccurrence_rate,2021,knit,botanist,,0.2
year_cooccurrence_rate,2021,knit,malleson,,0.2
year_cooccurrence_rate,2021,knit,account,,0.4
year_cooccurrence_rate,2021,knit,drosera,,0.2
year_cooccurrence_rate,2021,knit,anglica,,0.2
year_cooccurrence_rate,2021,knit,poetically,,0.2
year_cooccurrence_rate,2021,knit,inspired,,0.2
year_cooccurrence_rate,2021,knit,landscape,,0.2
year_cooccurrence_rate,2003,knit,landscape,,0.5
year_cooccurrence_rate,2021,knit,flora,,0.2
year_cooccurrence_rate,2021,knit,intrinsically,,0.2
year_cooccurrence_rate,2021,knit,emotional,,0.2
year_cooccurrence_rate,2023,knit,subject,,0.1
year_cooccurrence_rate,2023,knit,matter,,0.1
year_cooccurrence_rate,2023,knit,intellectual,,0.1
year_cooccurrence_rate,2023,knit,labor,,0.1
year_cooccurrence_rate,2023,knit,matthew,,0.1
year_cooccurrence_rate,2023,knit,kirschenbaum,,0.1
year_cooccurrence_rate,2023,knit,julia,,0.1
year_cooccurrence_rate,2023,knit,flanders,,0.1
year_cooccurrence_rate,2023,knit,suggest,,0.1
year_cooccurrence_rate,2000,knit,technique,,0.5
year_cooccurrence_rate,2000,knit,rely,,0.5
year_cooccurrence_rate,2000,knit,fragmentation,,0.5
year_cooccurrence_rate,2000,knit,element,,1.0
year_cooccurrence_rate,1998,knit,element,,2.0
year_cooccurrence_rate,2000,knit,multiple,,0.5
year_cooccurrence_rate,1998,knit,multiple,,1.0
year_cooccurrence_rate,2000,knit,sgml,,0.5
year_cooccurrence_rate,1998,knit,sgml,,1.0
year_cooccurrence_rate,2000,knit,fragment,,0.5
year_cooccurrence_rate,1998,knit,fragment,,1.0
year_cooccurrence_rate,2000,knit,method,,0.5
year_cooccurrence_rate,1998,knit,method,,1.0
year_cooccurrence_rate,2000,knit,example,,0.5
year_cooccurrence_rate,2000,knit,part,,0.5
year_cooccurrence_rate,1998,knit,part,,1.0
year_cooccurrence_rate,2003,knit,spatial,,0.5
year_cooccurrence_rate,2003,knit,thomas,,0.5
year_cooccurrence_rate,2003,knit,campanella,,0.5
year_cooccurrence_rate,2003,knit,suggests,,0.5
year_cooccurrence_rate,2003,knit,webcam,,0.5
year_cooccurrence_rate,2003,knit,window,,0.5
year_cooccurrence_rate,2003,knit,world,,0.5
year_cooccurrence_rate,2003,knit,net,,0.5
year_cooccurrence_rate,2003,knit,physical,,0.5
year_cooccurrence_rate,2003,knit,space,,0.5
year_cooccurrence_rate,2003,knit,inhabit,,0.5
year_cooccurrence_rate,2003,knit,accompanying,,0.5
year_cooccurrence_rate,2003,knit,illustration,,0.5
year_cooccurrence_rate,2003,knit,jack,,0.5
year_cooccurrence_rate,2003,knit,desrocher,,0.5
year_cooccurrence_rate,1998,knit,relying,,1.0
year_cooccurrence_rate,1998,knit,dtd,,1.0
year_cooccurrence_rate,1998,knit,specific,,1.0
year_cooccurrence_rate,1998,knit,semantics,,1.0
year_cooccurrence_rate,1998,knit,instruct,,1.0
year_cooccurrence_rate,1998,knit,application,,1.0
year_cooccurrence_rate,1998,knit,virtual,,1.0
year_cooccurrence_rate,1998,knit,attribute,,1.0
year_cooccurrence_rate,1981,knit,entry,,1.0
year_cooccurrence_rate,1981,knit,know,,1.0
year_cooccurrence_rate,1981,knit,anyway,,1.0
year_cooccurrence_rate,1981,knit,served,,1.0
year_cooccurrence_rate,1981,knit,meaningful,,1.0
year_cooccurrence_rate,1981,knit,way,,1.0
year_cooccurrence_rate,1981,knit,interested,,1.0
year_cooccurrence_rate,1981,knit,people,,1.0
year_cooccurrence_rate,1981,knit,analyzing,,1.0
year_cooccurrence_rate,1981,knit,putting,,1.0
year_cooccurrence_rate,1981,knit,quasi,,1.0
year_cooccurrence_rate,1981,knit,sacred,,1.0
year_cooccurrence_rate,2005,knit,named,,0.5
year_cooccurrence_rate,2005,knit,variable,,0.5
year_cooccurrence_rate,2005,knit,given,,0.5
year_cooccurrence_rate,2005,knit,query,,0.5
year_cooccurrence_rate,2005,knit,utility,,1.0
year_cooccurrence_rate,2005,knit,concept,,0.5
year_cooccurrence_rate,2005,knit,xml,,1.0
year_cooccurrence_rate,2005,knit,group,,0.5
year_cooccurrence_rate,2005,knit,produce,,0.5
year_cooccurrence_rate,2005,knit,coding,,0.5
year_cooccurrence_rate,2005,knit,set,,0.5
year_cooccurrence_rate,2005,knit,individually,,0.5
year_cooccurrence_rate,2005,knit,larger,,0.5
year_cooccurrence_rate,2005,knit,tree,,0.5
year_cooccurrence_rate,2005,knit,graphical,,0.5
year_cooccurrence_rate,2005,knit,user,,0.5
year_cooccurrence_rate,2005,knit,interface,,0.5
year_cooccurrence_rate,2005,knit,lang,,0.5
year_cooccurrence_rate,2005,knit,eval,,0.5
year_cooccurrence_rate,1997,knit,show,,1.0
year_cooccurrence_rate,1997,knit,supporting,,1.0
year_cooccurrence_rate,1997,knit,evidence,,1.0
year_cooccurrence_rate,1997,knit,particular,,1.0
year_cooccurrence_rate,1997,knit,reading,,1.0
year_cooccurrence_rate,1997,knit,glossary,,1.0
year_cooccurrence_rate,1997,knit,different,,1.0
year_cooccurrence_rate,1997,knit,electronic,,1.0
year_cooccurrence_rate,1997,knit,beowulf,,1.0
year_cooccurrence_rate,1997,knit,proved,,1.0
year_cooccurrence_rate,1997,knit,easy,,1.0
year_cooccurrence_rate,1997,knit,problem,,1.0
year_cooccurrence_rate,2013,weave,text,,0.125
year_cooccurrence_rate,2014,weave,text,,0.111
year_cooccurrence_rate,2025,weave,text,,0.118
year_cooccurrence_rate,2012,weave,text,,0.5
year_cooccurrence_rate,2018,weave,text,,0.571
year_cooccurrence_rate,2019,weave,text,,0.125
year_cooccurrence_rate,2020,weave,text,,0.333
year_cooccurrence_rate,2022,weave,text,,0.308
year_cooccurrence_rate,2023,weave,text,,0.2
year_cooccurrence_rate,1994,weave,text,,2.5
year_cooccurrence_rate,1996,weave,text,,2.0
year_cooccurrence_rate,1993,weave,text,,1.5
year_cooccurrence_rate,1995,weave,text,,1.0
year_cooccurrence_rate,2013,weave,developing,,0.125
year_cooccurrence_rate,2017,weave,developing,,0.2
year_cooccurrence_rate,2013,weave,thinking,,0.125
year_cooccurrence_rate,2017,weave,thinking,,0.1
year_cooccurrence_rate,2022,weave,thinking,,0.077
year_cooccurrence_rate,2026,weave,thinking,,0.1
year_cooccurrence_rate,2013,weave,memory,,0.125
year_cooccurrence_rate,2013,weave,rhetoric,,0.125
year_cooccurrence_rate,2013,weave,tei,,0.125
year_cooccurrence_rate,2014,weave,tei,,0.444
year_cooccurrence_rate,2024,weave,tei,,0.4
year_cooccurrence_rate,2013,weave,mean,,0.125
year_cooccurrence_rate,2013,weave,meaning,,0.25
year_cooccurrence_rate,2014,weave,meaning,,0.111
year_cooccurrence_rate,2022,weave,meaning,,0.077
year_cooccurrence_rate,2026,weave,meaning,,0.1
year_cooccurrence_rate,1996,weave,meaning,,1.0
year_cooccurrence_rate,2013,weave,encoding,,0.25
year_cooccurrence_rate,2013,weave,creating,,0.125
year_cooccurrence_rate,2013,weave,upon,,0.125
year_cooccurrence_rate,1993,weave,upon,,0.5
year_cooccurrence_rate,2013,weave,inspection,,0.125
year_cooccurrence_rate,2013,weave,narrative,,0.125
year_cooccurrence_rate,2025,weave,narrative,,0.118
year_cooccurrence_rate,2009,weave,narrative,,0.167
year_cooccurrence_rate,2022,weave,narrative,,0.154
year_cooccurrence_rate,2023,weave,narrative,,0.1
year_cooccurrence_rate,2026,weave,narrative,,0.1
year_cooccurrence_rate,1994,weave,narrative,,0.5
year_cooccurrence_rate,2013,weave,novel,,0.125
year_cooccurrence_rate,2009,weave,novel,,0.167
year_cooccurrence_rate,2022,weave,novel,,0.154
year_cooccurrence_rate,1990,weave,novel,,0.333
year_cooccurrence_rate,2013,weave,reconstituted,,0.125
year_cooccurrence_rate,2013,weave,gap,,0.125
year_cooccurrence_rate,2013,weave,silence,,0.125
year_cooccurrence_rate,2013,weave,archive,,0.125
year_cooccurrence_rate,2013,weave,together,,0.125
year_cooccurrence_rate,2014,weave,together,,0.111
year_cooccurrence_rate,2024,weave,together,,0.2
year_cooccurrence_rate,2017,weave,together,,0.1
year_cooccurrence_rate,2018,weave,together,,0.429
year_cooccurrence_rate,2020,weave,together,,0.333
year_cooccurrence_rate,2022,weave,together,,0.154
year_cooccurrence_rate,2026,weave,together,,0.4
year_cooccurrence_rate,1999,weave,together,,0.333
year_cooccurrence_rate,1994,weave,together,,0.5
year_cooccurrence_rate,2005,weave,together,,0.5
year_cooccurrence_rate,2013,weave,trace,,0.125
year_cooccurrence_rate,2013,weave,literature,,0.125
year_cooccurrence_rate,2016,weave,literature,,0.125
year_cooccurrence_rate,2019,weave,literature,,0.25
year_cooccurrence_rate,2026,weave,literature,,0.1
year_cooccurrence_rate,2013,weave,imperialism,,0.125
year_cooccurrence_rate,2013,weave,variety,,0.125
year_cooccurrence_rate,2013,weave,colonial,,0.125
year_cooccurrence_rate,2021,weave,colonial,,0.4
year_cooccurrence_rate,2013,weave,modernism,,0.125
year_cooccurrence_rate,2013,weave,including,,0.125
year_cooccurrence_rate,2022,weave,including,,0.077
year_cooccurrence_rate,2014,weave,become,,0.111
year_cooccurrence_rate,2022,weave,become,,0.077
year_cooccurrence_rate,2014,weave,best,,0.111
year_cooccurrence_rate,2014,weave,practice,,0.111
year_cooccurrence_rate,2024,weave,practice,,0.2
year_cooccurrence_rate,2015,weave,practice,,0.1
year_cooccurrence_rate,2017,weave,practice,,0.1
year_cooccurrence_rate,2022,weave,practice,,0.154
year_cooccurrence_rate,2014,weave,weave,,0.111
year_cooccurrence_rate,2014,weave,project,,0.444
year_cooccurrence_rate,2025,weave,project,,0.059
year_cooccurrence_rate,2016,weave,project,,0.125
year_cooccurrence_rate,2018,weave,project,,0.143
year_cooccurrence_rate,2023,weave,project,,0.1
year_cooccurrence_rate,2026,weave,project,,0.1
year_cooccurrence_rate,2014,weave,budget,,0.111
year_cooccurrence_rate,2014,weave,funding,,0.111
year_cooccurrence_rate,2014,weave,bring,,0.111
year_cooccurrence_rate,2014,weave,someone,,0.111
year_cooccurrence_rate,2014,weave,consult,,0.111
year_cooccurrence_rate,2014,weave,get,,0.111
year_cooccurrence_rate,1996,weave,get,,1.0
year_cooccurrence_rate,2014,weave,sort,,0.111
year_cooccurrence_rate,2014,weave,outside,,0.222
year_cooccurrence_rate,2014,weave,view,,0.111
year_cooccurrence_rate,2014,weave,form,,0.111
year_cooccurrence_rate,2026,weave,form,,0.1
year_cooccurrence_rate,1990,weave,form,,0.333
year_cooccurrence_rate,2014,weave,assessment,,0.222
year_cooccurrence_rate,2014,weave,help,,0.111
year_cooccurrence_rate,2022,weave,help,,0.077
year_cooccurrence_rate,2014,weave,might,,0.111
year_cooccurrence_rate,2012,weave,might,,0.5
year_cooccurrence_rate,2014,weave,want,,0.111
year_cooccurrence_rate,2014,weave,provide,,0.111
year_cooccurrence_rate,2014,weave,recommendation,,0.111
year_cooccurrence_rate,2014,weave,idea,,0.111
year_cooccurrence_rate,2022,weave,idea,,0.231
year_cooccurrence_rate,2014,weave,type,,0.111
year_cooccurrence_rate,2005,weave,type,,0.5
year_cooccurrence_rate,2014,weave,formative,,0.111
year_cooccurrence_rate,2014,weave,earlier,,0.111
year_cooccurrence_rate,2014,weave,soak,,0.111
year_cooccurrence_rate,2014,weave,money,,0.222
year_cooccurrence_rate,2014,weave,good,,0.111
year_cooccurrence_rate,2014,weave,consultant,,0.111
year_cooccurrence_rate,2014,weave,save,,0.111
year_cooccurrence_rate,2014,weave,mid,,0.111
year_cooccurrence_rate,2014,weave,term,,0.111
year_cooccurrence_rate,2014,weave,review,,0.111
year_cooccurrence_rate,2014,weave,peer,,0.111
year_cooccurrence_rate,2014,weave,reviewed,,0.111
year_cooccurrence_rate,2014,weave,ubc,,0.111
year_cooccurrence_rate,2014,weave,press,,0.111
year_cooccurrence_rate,2014,weave,part,,0.111
year_cooccurrence_rate,2012,weave,part,,0.5
year_cooccurrence_rate,1994,weave,part,,0.5
year_cooccurrence_rate,1995,weave,part,,1.0
year_cooccurrence_rate,2014,weave,digital,,0.111
year_cooccurrence_rate,2024,weave,digital,,0.4
year_cooccurrence_rate,2025,weave,digital,,0.059
year_cooccurrence_rate,2019,weave,digital,,0.25
year_cooccurrence_rate,2022,weave,digital,,0.385
year_cooccurrence_rate,2023,weave,digital,,0.3
year_cooccurrence_rate,2026,weave,digital,,0.5
year_cooccurrence_rate,2014,weave,component,,0.111
year_cooccurrence_rate,1993,weave,component,,1.0
year_cooccurrence_rate,2014,weave,team,,0.111
year_cooccurrence_rate,2025,weave,team,,0.118
year_cooccurrence_rate,2005,weave,team,,0.5
year_cooccurrence_rate,2014,weave,planned,,0.111
year_cooccurrence_rate,2014,weave,wrapping,,0.111
year_cooccurrence_rate,2014,weave,compendium,,0.111
year_cooccurrence_rate,2014,weave,limited,,0.111
year_cooccurrence_rate,2014,weave,way,,0.222
year_cooccurrence_rate,2017,weave,way,,0.1
year_cooccurrence_rate,2018,weave,way,,0.143
year_cooccurrence_rate,2021,weave,way,,0.2
year_cooccurrence_rate,2026,weave,way,,0.1
year_cooccurrence_rate,2014,weave,annotate,,0.111
year_cooccurrence_rate,2014,weave,pdf,,0.111
year_cooccurrence_rate,2014,weave,derives,,0.111
year_cooccurrence_rate,2022,weave,derives,,0.077
year_cooccurrence_rate,2014,weave,latin,,0.111
year_cooccurrence_rate,2012,weave,latin,,0.25
year_cooccurrence_rate,2014,weave,texere,,0.111
year_cooccurrence_rate,2012,weave,texere,,0.25
year_cooccurrence_rate,2022,weave,texere,,0.077
year_cooccurrence_rate,2014,weave,refers,,0.111
year_cooccurrence_rate,2014,weave,specific,,0.111
year_cooccurrence_rate,2014,weave,material,,0.111
year_cooccurrence_rate,2016,weave,material,,0.125
year_cooccurrence_rate,2017,weave,material,,0.2
year_cooccurrence_rate,2022,weave,material,,0.077
year_cooccurrence_rate,2014,weave,woven,,0.111
year_cooccurrence_rate,2014,weave,state,,0.111
year_cooccurrence_rate,2026,weave,state,,0.1
year_cooccurrence_rate,2014,weave,step,,0.222
year_cooccurrence_rate,2014,weave,analysis,,0.111
year_cooccurrence_rate,2016,weave,analysis,,0.25
year_cooccurrence_rate,2019,weave,analysis,,0.125
year_cooccurrence_rate,2014,weave,working,,0.111
year_cooccurrence_rate,2017,weave,working,,0.1
year_cooccurrence_rate,2014,weave,back,,0.111
year_cooccurrence_rate,2014,weave,along,,0.111
year_cooccurrence_rate,2014,weave,thread,,0.222
year_cooccurrence_rate,2018,weave,thread,,0.286
year_cooccurrence_rate,2022,weave,thread,,0.154
year_cooccurrence_rate,1994,weave,thread,,0.5
year_cooccurrence_rate,2014,weave,make,,0.111
year_cooccurrence_rate,2014,weave,irrelevant,,0.111
year_cooccurrence_rate,2014,weave,important,,0.111
year_cooccurrence_rate,2014,weave,conscious,,0.111
year_cooccurrence_rate,2014,weave,fabric,,0.111
year_cooccurrence_rate,2016,weave,fabric,,0.125
year_cooccurrence_rate,2014,weave,web,,0.111
year_cooccurrence_rate,2024,weave,web,,0.2
year_cooccurrence_rate,1999,weave,web,,0.667
year_cooccurrence_rate,1990,weave,web,,0.333
year_cooccurrence_rate,1996,weave,web,,1.0
year_cooccurrence_rate,2002,weave,web,,0.333
year_cooccurrence_rate,2014,weave,changed,,0.111
year_cooccurrence_rate,2014,weave,since,,0.111
year_cooccurrence_rate,1990,weave,since,,0.667
year_cooccurrence_rate,2014,weave,conceived,,0.111
year_cooccurrence_rate,2014,weave,reevaluate,,0.111
year_cooccurrence_rate,2014,weave,discussed,,0.111
year_cooccurrence_rate,2014,weave,put,,0.111
year_cooccurrence_rate,2023,weave,put,,0.1
year_cooccurrence_rate,2014,weave,precisely,,0.111
year_cooccurrence_rate,2014,weave,highly,,0.111
year_cooccurrence_rate,2022,weave,highly,,0.077
year_cooccurrence_rate,2014,weave,memorable,,0.111
year_cooccurrence_rate,2014,weave,noise,,0.111
year_cooccurrence_rate,2014,weave,channel,,0.111
year_cooccurrence_rate,2014,weave,chapter,,0.111
year_cooccurrence_rate,2014,weave,bear,,0.111
year_cooccurrence_rate,2014,weave,repeating,,0.111
year_cooccurrence_rate,2014,weave,struggle,,0.111
year_cooccurrence_rate,2014,weave,manifest,,0.111
year_cooccurrence_rate,2024,weave,confused,,0.2
year_cooccurrence_rate,2024,weave,rom,,0.2
year_cooccurrence_rate,2024,weave,interface,,0.2
year_cooccurrence_rate,2017,weave,interface,,0.1
year_cooccurrence_rate,2024,weave,software,,0.8
year_cooccurrence_rate,2005,weave,software,,1.0
year_cooccurrence_rate,2024,weave,performs,,0.2
year_cooccurrence_rate,2012,weave,performs,,0.25
year_cooccurrence_rate,2024,weave,tangle,,0.2
year_cooccurrence_rate,2024,weave,function,,0.2
year_cooccurrence_rate,2025,weave,function,,0.059
year_cooccurrence_rate,2024,weave,figure,,0.2
year_cooccurrence_rate,2011,weave,figure,,0.333
year_cooccurrence_rate,2023,weave,figure,,0.1
year_cooccurrence_rate,2024,weave,history,,0.2
year_cooccurrence_rate,2022,weave,history,,0.154
year_cooccurrence_rate,1990,weave,history,,0.333
year_cooccurrence_rate,2024,weave,currently,,0.2
year_cooccurrence_rate,2024,weave,process,,0.4
year_cooccurrence_rate,2018,weave,process,,0.143
year_cooccurrence_rate,2022,weave,process,,0.077
year_cooccurrence_rate,2026,weave,process,,0.2
year_cooccurrence_rate,1993,weave,process,,0.5
year_cooccurrence_rate,2024,weave,generating,,0.4
year_cooccurrence_rate,2024,weave,custom,,0.2
year_cooccurrence_rate,2024,weave,documentation,,0.2
year_cooccurrence_rate,2024,weave,customization,,0.2
year_cooccurrence_rate,2024,weave,file,,0.2
year_cooccurrence_rate,2025,weave,file,,0.059
year_cooccurrence_rate,2024,weave,guideline,,0.2
year_cooccurrence_rate,2024,weave,called,,0.6
year_cooccurrence_rate,2025,weave,called,,0.059
year_cooccurrence_rate,2017,weave,called,,0.1
year_cooccurrence_rate,2024,weave,schema,,0.2
year_cooccurrence_rate,2024,weave,tangling,,0.2
year_cooccurrence_rate,2024,weave,consortium,,0.2
year_cooccurrence_rate,2024,weave,provides,,0.2
year_cooccurrence_rate,2024,weave,lab,,0.4
year_cooccurrence_rate,2024,weave,difference,,0.2
year_cooccurrence_rate,2024,weave,design,,0.2
year_cooccurrence_rate,2017,weave,design,,0.3
year_cooccurrence_rate,2024,weave,tool,,0.2
year_cooccurrence_rate,2017,weave,tool,,0.2
year_cooccurrence_rate,2022,weave,tool,,0.077
year_cooccurrence_rate,2024,weave,wielded,,0.2
year_cooccurrence_rate,2024,weave,feminist,,0.2
year_cooccurrence_rate,2024,weave,intent,,0.2
year_cooccurrence_rate,2024,weave,question,,0.2
year_cooccurrence_rate,2023,weave,question,,0.1
year_cooccurrence_rate,2002,weave,question,,0.333
year_cooccurrence_rate,2024,weave,challenge,,0.2
year_cooccurrence_rate,2017,weave,challenge,,0.1
year_cooccurrence_rate,2024,weave,mcpherson,,0.2
year_cooccurrence_rate,2024,weave,set,,0.4
year_cooccurrence_rate,2026,weave,set,,0.2
year_cooccurrence_rate,2024,weave,complex,,0.4
year_cooccurrence_rate,2011,weave,complex,,0.333
year_cooccurrence_rate,2024,weave,sometimes,,0.2
year_cooccurrence_rate,2024,weave,frustrating,,0.2
year_cooccurrence_rate,2024,weave,book,,0.2
year_cooccurrence_rate,2012,weave,book,,0.75
year_cooccurrence_rate,2009,weave,book,,0.167
year_cooccurrence_rate,2024,weave,dynamic,,0.4
year_cooccurrence_rate,2024,weave,publication,,0.2
year_cooccurrence_rate,2024,weave,pursued,,0.2
year_cooccurrence_rate,2024,weave,vector,,0.2
year_cooccurrence_rate,2022,weave,vector,,0.077
year_cooccurrence_rate,2024,weave,usc,,0.2
year_cooccurrence_rate,2024,weave,dozen,,0.2
year_cooccurrence_rate,2024,weave,year,,0.2
year_cooccurrence_rate,2024,weave,search,,0.2
year_cooccurrence_rate,2024,weave,development,,0.2
year_cooccurrence_rate,2024,weave,multimodal,,0.2
year_cooccurrence_rate,2024,weave,multivalent,,0.2
year_cooccurrence_rate,2024,weave,scalar,,0.2
year_cooccurrence_rate,2024,weave,platform,,0.2
year_cooccurrence_rate,2023,weave,platform,,0.1
year_cooccurrence_rate,2026,weave,platform,,0.1
year_cooccurrence_rate,2024,weave,whereas,,0.2
year_cooccurrence_rate,2024,weave,biographical,,0.2
year_cooccurrence_rate,2024,weave,india,,0.4
year_cooccurrence_rate,2026,weave,india,,0.2
year_cooccurrence_rate,2024,weave,root,,0.2
year_cooccurrence_rate,2024,weave,usage,,0.2
year_cooccurrence_rate,2022,weave,usage,,0.077
year_cooccurrence_rate,2024,weave,cultural,,0.2
year_cooccurrence_rate,2023,weave,cultural,,0.1
year_cooccurrence_rate,1996,weave,cultural,,1.0
year_cooccurrence_rate,2024,weave,expression,,0.2
year_cooccurrence_rate,2024,weave,eminent,,0.2
year_cooccurrence_rate,2024,weave,culture,,0.2
year_cooccurrence_rate,2017,weave,culture,,0.2
year_cooccurrence_rate,2024,weave,author,,0.2
year_cooccurrence_rate,2022,weave,author,,0.077
year_cooccurrence_rate,2024,weave,reflected,,0.2
year_cooccurrence_rate,2024,weave,potential,,0.4
year_cooccurrence_rate,2024,weave,creativity,,0.2
year_cooccurrence_rate,2024,weave,reflexivity,,0.2
year_cooccurrence_rate,2024,weave,array,,0.2
year_cooccurrence_rate,2024,weave,case,,0.2
year_cooccurrence_rate,2016,weave,case,,0.125
year_cooccurrence_rate,2007,weave,case,,0.333
year_cooccurrence_rate,2024,weave,study,,0.2
year_cooccurrence_rate,2023,weave,study,,0.1
year_cooccurrence_rate,2026,weave,study,,0.1
year_cooccurrence_rate,2007,weave,study,,0.333
year_cooccurrence_rate,2024,weave,illuminate,,0.2
year_cooccurrence_rate,2024,weave,complexity,,0.2
year_cooccurrence_rate,2022,weave,complexity,,0.077
year_cooccurrence_rate,2024,weave,multilingual,,0.2
year_cooccurrence_rate,2025,weave,multilingual,,0.059
year_cooccurrence_rate,2024,weave,theoretical,,0.2
year_cooccurrence_rate,2022,weave,theoretical,,0.077
year_cooccurrence_rate,2024,weave,insight,,0.2
year_cooccurrence_rate,2024,weave,practical,,0.2
year_cooccurrence_rate,2024,weave,example,,0.2
year_cooccurrence_rate,2019,weave,example,,0.125
year_cooccurrence_rate,2024,weave,europe,,0.2
year_cooccurrence_rate,2024,weave,valuable,,0.2
year_cooccurrence_rate,2025,weave,humanity,,0.059
year_cooccurrence_rate,2022,weave,humanity,,0.154
year_cooccurrence_rate,2025,weave,perspective,,0.118
year_cooccurrence_rate,2019,weave,perspective,,0.125
year_cooccurrence_rate,2025,weave,helped,,0.059
year_cooccurrence_rate,2025,weave,reflect,,0.059
year_cooccurrence_rate,1993,weave,reflect,,0.5
year_cooccurrence_rate,2025,weave,nature,,0.059
year_cooccurrence_rate,2026,weave,nature,,0.2
year_cooccurrence_rate,2025,weave,medium,,0.059
year_cooccurrence_rate,2022,weave,medium,,0.077
year_cooccurrence_rate,2026,weave,medium,,0.1
year_cooccurrence_rate,2025,weave,textual,,0.059
year_cooccurrence_rate,2023,weave,textual,,0.1
year_cooccurrence_rate,2025,weave,description,,0.059
year_cooccurrence_rate,2023,weave,description,,0.1
year_cooccurrence_rate,2025,weave,drawing,,0.059
year_cooccurrence_rate,2025,weave,chart,,0.059
year_cooccurrence_rate,2025,weave,photograph,,0.059
year_cooccurrence_rate,2025,weave,sound,,0.059
year_cooccurrence_rate,2025,weave,communication,,0.059
year_cooccurrence_rate,2025,weave,scientific,,0.059
year_cooccurrence_rate,2025,weave,literary,,0.176
year_cooccurrence_rate,1993,weave,literary,,0.5
year_cooccurrence_rate,2025,weave,artistic,,0.059
year_cooccurrence_rate,2025,weave,machine,,0.118
year_cooccurrence_rate,2012,weave,machine,,0.5
year_cooccurrence_rate,2011,weave,machine,,0.333
year_cooccurrence_rate,2026,weave,machine,,0.2
year_cooccurrence_rate,2025,weave,manually,,0.059
year_cooccurrence_rate,2025,weave,conducted,,0.059
year_cooccurrence_rate,2025,weave,scholar,,0.059
year_cooccurrence_rate,2022,weave,scholar,,0.077
year_cooccurrence_rate,2025,weave,criticism,,0.059
year_cooccurrence_rate,2025,weave,data,,0.059
year_cooccurrence_rate,2017,weave,data,,0.1
year_cooccurrence_rate,2018,weave,data,,0.286
year_cooccurrence_rate,2022,weave,data,,0.077
year_cooccurrence_rate,2026,weave,data,,0.1
year_cooccurrence_rate,1999,weave,data,,0.333
year_cooccurrence_rate,2025,weave,visualization,,0.059
year_cooccurrence_rate,2018,weave,visualization,,0.143
year_cooccurrence_rate,2025,weave,research,,0.059
year_cooccurrence_rate,2020,weave,research,,0.333
year_cooccurrence_rate,1999,weave,research,,0.333
year_cooccurrence_rate,2025,weave,participated,,0.059
year_cooccurrence_rate,2025,weave,hot,,0.059
year_cooccurrence_rate,2025,weave,fear,,0.059
year_cooccurrence_rate,2017,weave,fear,,0.1
year_cooccurrence_rate,2025,weave,joy,,0.059
year_cooccurrence_rate,2025,weave,work,,0.118
year_cooccurrence_rate,2011,weave,work,,0.333
year_cooccurrence_rate,2017,weave,work,,0.2
year_cooccurrence_rate,2020,weave,work,,0.333
year_cooccurrence_rate,2025,weave,humanist,,0.059
year_cooccurrence_rate,2025,weave,word,,0.059
year_cooccurrence_rate,2011,weave,word,,0.333
year_cooccurrence_rate,2022,weave,word,,0.231
year_cooccurrence_rate,1993,weave,word,,0.5
year_cooccurrence_rate,2025,weave,trained,,0.059
year_cooccurrence_rate,2025,weave,prioritize,,0.059
year_cooccurrence_rate,2025,weave,dream,,0.059
year_cooccurrence_rate,2025,weave,death,,0.059
year_cooccurrence_rate,2025,weave,pseudotranslations,,0.059
year_cooccurrence_rate,2025,weave,character,,0.059
year_cooccurrence_rate,2025,weave,linguistic,,0.059
year_cooccurrence_rate,2023,weave,linguistic,,0.1
year_cooccurrence_rate,1993,weave,linguistic,,0.5
year_cooccurrence_rate,2025,weave,misunderstanding,,0.059
year_cooccurrence_rate,2025,weave,structure,,0.059
year_cooccurrence_rate,2022,weave,structure,,0.077
year_cooccurrence_rate,2026,weave,structure,,0.1
year_cooccurrence_rate,2025,weave,multiple,,0.059
year_cooccurrence_rate,2020,weave,multiple,,0.333
year_cooccurrence_rate,2026,weave,multiple,,0.4
year_cooccurrence_rate,2025,weave,language,,0.059
year_cooccurrence_rate,2022,weave,language,,0.077
year_cooccurrence_rate,2023,weave,language,,0.1
year_cooccurrence_rate,2026,weave,language,,0.1
year_cooccurrence_rate,2025,weave,storyline,,0.059
year_cooccurrence_rate,2025,weave,like,,0.059
year_cooccurrence_rate,2025,weave,casanova,,0.059
year_cooccurrence_rate,2025,weave,individualizing,,0.059
year_cooccurrence_rate,2025,weave,walkowitz,,0.059
year_cooccurrence_rate,2025,weave,place,,0.118
year_cooccurrence_rate,2025,weave,centered,,0.059
year_cooccurrence_rate,2025,weave,people,,0.118
year_cooccurrence_rate,2025,weave,found,,0.059
year_cooccurrence_rate,2015,weave,found,,0.1
year_cooccurrence_rate,2016,weave,found,,0.25
year_cooccurrence_rate,2022,weave,found,,0.077
year_cooccurrence_rate,1993,weave,found,,0.5
year_cooccurrence_rate,2025,weave,verb,,0.059
year_cooccurrence_rate,2025,weave,noun,,0.059
year_cooccurrence_rate,2025,weave,around,,0.059
year_cooccurrence_rate,2025,weave,network,,0.059
year_cooccurrence_rate,2011,weave,network,,0.333
year_cooccurrence_rate,2022,weave,network,,0.231
year_cooccurrence_rate,2026,weave,network,,0.1
year_cooccurrence_rate,1995,weave,network,,1.0
year_cooccurrence_rate,2025,weave,event,,0.059
year_cooccurrence_rate,2019,weave,event,,0.125
year_cooccurrence_rate,2022,weave,event,,0.077
year_cooccurrence_rate,2023,weave,event,,0.1
year_cooccurrence_rate,1999,weave,event,,0.333
year_cooccurrence_rate,2025,weave,relationship,,0.059
year_cooccurrence_rate,2025,weave,created,,0.059
year_cooccurrence_rate,2016,weave,created,,0.125
year_cooccurrence_rate,2025,weave,excel,,0.059
year_cooccurrence_rate,2025,weave,containing,,0.059
year_cooccurrence_rate,2023,weave,containing,,0.1
year_cooccurrence_rate,2012,weave,better,,0.5
year_cooccurrence_rate,2012,weave,compared,,0.5
year_cooccurrence_rate,2012,weave,loom,,0.75
year_cooccurrence_rate,2023,weave,loom,,1.8
year_cooccurrence_rate,2012,weave,proposed,,0.5
year_cooccurrence_rate,2012,weave,ravelled,,0.5
year_cooccurrence_rate,2012,weave,civilization,,0.5
year_cooccurrence_rate,2012,weave,preface,,0.25
year_cooccurrence_rate,2012,weave,iteration,,0.25
year_cooccurrence_rate,2012,weave,distinction,,0.25
year_cooccurrence_rate,2012,weave,productively,,0.25
year_cooccurrence_rate,2012,weave,invokes,,0.25
year_cooccurrence_rate,2011,weave,invokes,,0.333
year_cooccurrence_rate,2012,weave,etymology,,0.25
year_cooccurrence_rate,2012,weave,think,,0.5
year_cooccurrence_rate,1999,weave,think,,0.333
year_cooccurrence_rate,2012,weave,need,,0.25
year_cooccurrence_rate,2016,weave,need,,0.125
year_cooccurrence_rate,2012,weave,pushing,,0.25
year_cooccurrence_rate,2012,weave,metaphor,,0.25
year_cooccurrence_rate,1990,weave,metaphor,,0.667
year_cooccurrence_rate,1994,weave,metaphor,,0.5
year_cooccurrence_rate,2012,weave,richards,,0.25
year_cooccurrence_rate,2012,weave,simple,,0.25
year_cooccurrence_rate,2009,weave,largely,,0.167
year_cooccurrence_rate,2009,weave,composed,,0.167
year_cooccurrence_rate,2009,weave,concentrate,,0.167
year_cooccurrence_rate,2009,weave,leitmotif,,0.167
year_cooccurrence_rate,2009,weave,tapestry,,0.167
year_cooccurrence_rate,2022,weave,tapestry,,0.077
year_cooccurrence_rate,2026,weave,tapestry,,0.3
year_cooccurrence_rate,2009,weave,coherent,,0.167
year_cooccurrence_rate,1993,weave,coherent,,0.5
year_cooccurrence_rate,2009,weave,psychological,,0.167
year_cooccurrence_rate,2009,weave,print,,0.167
year_cooccurrence_rate,2002,weave,print,,0.333
year_cooccurrence_rate,2011,weave,changing,,0.333
year_cooccurrence_rate,2011,weave,environment,,0.333
year_cooccurrence_rate,2023,weave,environment,,0.2
year_cooccurrence_rate,2011,weave,information,,0.667
year_cooccurrence_rate,2017,weave,information,,0.5
year_cooccurrence_rate,2020,weave,information,,0.333
year_cooccurrence_rate,2026,weave,information,,0.1
year_cooccurrence_rate,2007,weave,information,,0.333
year_cooccurrence_rate,2005,weave,information,,0.5
year_cooccurrence_rate,2011,weave,stein,,0.333
year_cooccurrence_rate,2011,weave,capable,,0.333
year_cooccurrence_rate,2011,weave,mind,,0.333
year_cooccurrence_rate,1994,weave,mind,,0.5
year_cooccurrence_rate,2011,weave,bomb,,0.333
year_cooccurrence_rate,2011,weave,body,,0.333
year_cooccurrence_rate,2026,weave,body,,0.1
year_cooccurrence_rate,2011,weave,human,,0.333
year_cooccurrence_rate,2026,weave,human,,0.1
year_cooccurrence_rate,2015,weave,without,,0.1
year_cooccurrence_rate,2015,weave,acknowledgment,,0.1
year_cooccurrence_rate,2015,weave,similar,,0.1
year_cooccurrence_rate,2022,weave,similar,,0.077
year_cooccurrence_rate,2015,weave,situation,,0.1
year_cooccurrence_rate,2015,weave,among,,0.1
year_cooccurrence_rate,2018,weave,among,,0.143
year_cooccurrence_rate,1993,weave,among,,0.5
year_cooccurrence_rate,2015,weave,today,,0.1
year_cooccurrence_rate,1990,weave,today,,0.333
year_cooccurrence_rate,2015,weave,university,,0.1
year_cooccurrence_rate,2015,weave,student,,0.1
year_cooccurrence_rate,2017,weave,student,,0.1
year_cooccurrence_rate,1996,weave,student,,1.0
year_cooccurrence_rate,2005,weave,student,,0.5
year_cooccurrence_rate,2015,weave,whose,,0.1
year_cooccurrence_rate,2015,weave,commonly,,0.1
year_cooccurrence_rate,2015,weave,definition,,0.1
year_cooccurrence_rate,2015,weave,wikipedia,,0.1
year_cooccurrence_rate,2015,weave,essay,,0.1
year_cooccurrence_rate,2015,weave,often,,0.1
year_cooccurrence_rate,2015,weave,tacitly,,0.1
year_cooccurrence_rate,2015,weave,ignored,,0.1
year_cooccurrence_rate,2015,weave,lecturer,,0.1
year_cooccurrence_rate,2016,weave,gender,,0.125
year_cooccurrence_rate,2016,weave,equality,,0.125
year_cooccurrence_rate,2016,weave,borrowed,,0.125
year_cooccurrence_rate,2016,weave,unusually,,0.125
year_cooccurrence_rate,2016,weave,large,,0.125
year_cooccurrence_rate,2016,weave,quantity,,0.25
year_cooccurrence_rate,2016,weave,previous,,0.25
year_cooccurrence_rate,2016,weave,writer,,0.125
year_cooccurrence_rate,2016,weave,vast,,0.125
year_cooccurrence_rate,2016,weave,quotation,,0.125
year_cooccurrence_rate,2016,weave,writing,,0.125
year_cooccurrence_rate,2016,weave,express,,0.125
year_cooccurrence_rate,2016,weave,passage,,0.25
year_cooccurrence_rate,1993,weave,passage,,0.5
year_cooccurrence_rate,2016,weave,beauty,,0.25
year_cooccurrence_rate,2023,weave,beauty,,0.1
year_cooccurrence_rate,2016,weave,haywood,,0.125
year_cooccurrence_rate,2016,weave,heading,,0.125
year_cooccurrence_rate,2023,weave,heading,,0.1
year_cooccurrence_rate,2016,weave,bysshe,,0.125
year_cooccurrence_rate,2016,weave,volume,,0.125
year_cooccurrence_rate,2016,weave,lady,,0.125
year_cooccurrence_rate,2023,weave,lady,,0.1
year_cooccurrence_rate,2016,weave,mellasin,,0.125
year_cooccurrence_rate,2016,weave,retain,,0.125
year_cooccurrence_rate,2016,weave,self,,0.625
year_cooccurrence_rate,2022,weave,self,,0.077
year_cooccurrence_rate,2016,weave,critical,,0.125
year_cooccurrence_rate,2017,weave,critical,,0.1
year_cooccurrence_rate,2016,weave,reflexive,,0.375
year_cooccurrence_rate,2022,weave,reflexive,,0.077
year_cooccurrence_rate,2016,weave,principle,,0.375
year_cooccurrence_rate,2016,weave,morin,,0.125
year_cooccurrence_rate,2016,weave,wayang,,0.125
year_cooccurrence_rate,2016,weave,constantly,,0.125
year_cooccurrence_rate,2016,weave,stress,,0.125
year_cooccurrence_rate,2016,weave,origin,,0.125
year_cooccurrence_rate,2016,weave,interweaving,,0.125
year_cooccurrence_rate,2016,weave,classificatory,,0.125
year_cooccurrence_rate,2016,weave,epistemology,,0.125
year_cooccurrence_rate,2016,weave,uncertainty,,0.125
year_cooccurrence_rate,2016,weave,reference,,0.125
year_cooccurrence_rate,2022,weave,reference,,0.077
year_cooccurrence_rate,1993,weave,reference,,0.5
year_cooccurrence_rate,2016,weave,complexus,,0.125
year_cooccurrence_rate,2016,weave,researcher,,0.125
year_cooccurrence_rate,2020,weave,researcher,,0.333
year_cooccurrence_rate,2017,weave,opposing,,0.1
year_cooccurrence_rate,2017,weave,crime,,0.1
year_cooccurrence_rate,2017,weave,fighter,,0.1
year_cooccurrence_rate,2017,weave,latter,,0.1
year_cooccurrence_rate,2017,weave,juggling,,0.1
year_cooccurrence_rate,2017,weave,usually,,0.1
year_cooccurrence_rate,2022,weave,usually,,0.077
year_cooccurrence_rate,1999,weave,usually,,0.333
year_cooccurrence_rate,2017,weave,successfully,,0.1
year_cooccurrence_rate,2017,weave,family,,0.2
year_cooccurrence_rate,2017,weave,commitment,,0.1
year_cooccurrence_rate,2017,weave,contemporary,,0.1
year_cooccurrence_rate,2017,weave,problem,,0.1
year_cooccurrence_rate,2026,weave,problem,,0.1
year_cooccurrence_rate,2017,weave,conflicting,,0.1
year_cooccurrence_rate,2017,weave,demand,,0.1
year_cooccurrence_rate,2017,weave,wider,,0.1
year_cooccurrence_rate,2017,weave,social,,0.1
year_cooccurrence_rate,2022,weave,social,,0.077
year_cooccurrence_rate,2023,weave,social,,0.1
year_cooccurrence_rate,2026,weave,social,,0.1
year_cooccurrence_rate,2017,weave,terror,,0.1
year_cooccurrence_rate,2017,weave,criminality,,0.1
year_cooccurrence_rate,2017,weave,preparation,,0.1
year_cooccurrence_rate,2017,weave,stage,,0.2
year_cooccurrence_rate,2017,weave,user,,0.3
year_cooccurrence_rate,2022,weave,user,,0.077
year_cooccurrence_rate,2017,weave,enter,,0.1
year_cooccurrence_rate,2017,weave,basic,,0.1
year_cooccurrence_rate,2022,weave,basic,,0.077
year_cooccurrence_rate,2017,weave,course,,0.1
year_cooccurrence_rate,2017,weave,remix,,0.2
year_cooccurrence_rate,2017,weave,allows,,0.1
year_cooccurrence_rate,2023,weave,allows,,0.2
year_cooccurrence_rate,2017,weave,element,,0.2
year_cooccurrence_rate,2017,weave,existing,,0.1
year_cooccurrence_rate,2017,weave,syllabus,,0.3
year_cooccurrence_rate,2017,weave,included,,0.1
year_cooccurrence_rate,2017,weave,far,,0.1
year_cooccurrence_rate,2017,weave,encourages,,0.1
year_cooccurrence_rate,2017,weave,interweave,,0.1
year_cooccurrence_rate,2017,weave,ultimately,,0.1
year_cooccurrence_rate,2017,weave,reduced,,0.1
year_cooccurrence_rate,2017,weave,act,,0.1
year_cooccurrence_rate,2017,weave,activating,,0.1
year_cooccurrence_rate,2017,weave,deactivating,,0.1
year_cooccurrence_rate,2017,weave,deleting,,0.1
year_cooccurrence_rate,2017,weave,rewriting,,0.1
year_cooccurrence_rate,2017,weave,present,,0.1
year_cooccurrence_rate,2018,weave,present,,0.143
year_cooccurrence_rate,2019,weave,present,,0.125
year_cooccurrence_rate,2022,weave,present,,0.154
year_cooccurrence_rate,2007,weave,present,,0.333
year_cooccurrence_rate,2005,weave,present,,0.5
year_cooccurrence_rate,2017,weave,current,,0.2
year_cooccurrence_rate,1999,weave,current,,0.333
year_cooccurrence_rate,2017,weave,teacher,,0.1
year_cooccurrence_rate,2017,weave,ask,,0.1
year_cooccurrence_rate,2017,weave,write,,0.1
year_cooccurrence_rate,2026,weave,write,,0.1
year_cooccurrence_rate,2017,weave,build,,0.2
year_cooccurrence_rate,2017,weave,fabricate,,0.2
year_cooccurrence_rate,2017,weave,engage,,0.1
year_cooccurrence_rate,2017,weave,seemingly,,0.2
year_cooccurrence_rate,1990,weave,seemingly,,0.333
year_cooccurrence_rate,2017,weave,incongruous,,0.2
year_cooccurrence_rate,2017,weave,emphasize,,0.1
year_cooccurrence_rate,2017,weave,flexibility,,0.1
year_cooccurrence_rate,2017,weave,relevant,,0.1
year_cooccurrence_rate,2017,weave,jeffrey,,0.1
year_cooccurrence_rate,2017,weave,schnapp,,0.2
year_cooccurrence_rate,2017,weave,defining,,0.1
year_cooccurrence_rate,2017,weave,epoch,,0.1
year_cooccurrence_rate,2017,weave,space,,0.1
year_cooccurrence_rate,2023,weave,space,,0.1
year_cooccurrence_rate,2017,weave,meaningful,,0.1
year_cooccurrence_rate,2017,weave,fashion,,0.1
year_cooccurrence_rate,2017,weave,method,,0.1
year_cooccurrence_rate,2020,weave,method,,0.667
year_cooccurrence_rate,2018,weave,harvard,,0.143
year_cooccurrence_rate,2018,weave,steve,,0.143
year_cooccurrence_rate,2018,weave,evans,,0.143
year_cooccurrence_rate,2018,weave,termed,,0.143
year_cooccurrence_rate,2018,weave,phonotextual,,0.286
year_cooccurrence_rate,2018,weave,braid,,0.286
year_cooccurrence_rate,2018,weave,timbre,,0.143
year_cooccurrence_rate,2018,weave,technology,,0.143
year_cooccurrence_rate,2022,weave,technology,,0.231
year_cooccurrence_rate,1999,weave,technology,,0.333
year_cooccurrence_rate,1990,weave,technology,,0.667
year_cooccurrence_rate,2018,weave,technological,,0.143
year_cooccurrence_rate,2005,weave,technological,,0.5
year_cooccurrence_rate,2018,weave,app,,0.143
year_cooccurrence_rate,2018,weave,twine,,0.143
year_cooccurrence_rate,2018,weave,duration,,0.143
year_cooccurrence_rate,2018,weave,deduced,,0.143
year_cooccurrence_rate,2018,weave,decision,,0.143
year_cooccurrence_rate,2018,weave,implication,,0.143
year_cooccurrence_rate,2018,weave,include,,0.143
year_cooccurrence_rate,2022,weave,include,,0.077
year_cooccurrence_rate,2018,weave,placement,,0.143
year_cooccurrence_rate,2018,weave,alongside,,0.143
year_cooccurrence_rate,2018,weave,rather,,0.143
year_cooccurrence_rate,2018,weave,shading,,0.143
year_cooccurrence_rate,2018,weave,strengthen,,0.143
year_cooccurrence_rate,2018,weave,interlinking,,0.143
year_cooccurrence_rate,2018,weave,temporo,,0.143
year_cooccurrence_rate,2018,weave,spatial,,0.143
year_cooccurrence_rate,2018,weave,moravian,,0.143
year_cooccurrence_rate,2018,weave,life,,0.143
year_cooccurrence_rate,2022,weave,life,,0.077
year_cooccurrence_rate,2023,weave,life,,0.1
year_cooccurrence_rate,2026,weave,life,,0.1
year_cooccurrence_rate,2018,weave,gazetteer,,0.143
year_cooccurrence_rate,2018,weave,mapped,,0.143
year_cooccurrence_rate,2018,weave,phase,,0.143
year_cooccurrence_rate,1993,weave,phase,,0.5
year_cooccurrence_rate,2018,weave,submit,,0.143
year_cooccurrence_rate,2018,weave,subset,,0.143
year_cooccurrence_rate,2018,weave,topic,,0.143
year_cooccurrence_rate,2022,weave,topic,,0.077
year_cooccurrence_rate,2018,weave,sentiment,,0.143
year_cooccurrence_rate,2018,weave,encompass,,0.143
year_cooccurrence_rate,2018,weave,suspense,,0.143
year_cooccurrence_rate,2018,weave,infinite,,0.143
year_cooccurrence_rate,2018,weave,proliferation,,0.143
year_cooccurrence_rate,2018,weave,select,,0.143
year_cooccurrence_rate,2018,weave,explanatory,,0.143
year_cooccurrence_rate,2019,weave,novella,,0.125
year_cooccurrence_rate,2019,weave,indicates,,0.125
year_cooccurrence_rate,2019,weave,whole,,0.125
year_cooccurrence_rate,2019,weave,narration,,0.125
year_cooccurrence_rate,2019,weave,interpersonal,,0.125
year_cooccurrence_rate,2019,weave,conflict,,0.125
year_cooccurrence_rate,2019,weave,strong,,0.125
year_cooccurrence_rate,2019,weave,net,,0.125
year_cooccurrence_rate,2019,weave,story,,0.25
year_cooccurrence_rate,2026,weave,story,,0.5
year_cooccurrence_rate,1999,weave,story,,0.667
year_cooccurrence_rate,2019,weave,lili,,0.125
year_cooccurrence_rate,2019,weave,veronika,,0.125
year_cooccurrence_rate,2019,weave,der,,0.125
year_cooccurrence_rate,2019,weave,item,,0.125
year_cooccurrence_rate,2019,weave,catalog,,0.125
year_cooccurrence_rate,2019,weave,permanent,,0.125
year_cooccurrence_rate,2019,weave,link,,0.25
year_cooccurrence_rate,2023,weave,link,,0.1
year_cooccurrence_rate,1994,weave,link,,0.5
year_cooccurrence_rate,2005,weave,link,,0.5
year_cooccurrence_rate,2019,weave,anyone,,0.125
year_cooccurrence_rate,2019,weave,various,,0.125
year_cooccurrence_rate,2019,weave,movement,,0.125
year_cooccurrence_rate,2026,weave,movement,,0.1
year_cooccurrence_rate,2019,weave,chuang,,0.125
year_cooccurrence_rate,2019,weave,encyclopedia,,0.125
year_cooccurrence_rate,2019,weave,oral,,0.125
year_cooccurrence_rate,2026,weave,oral,,0.1
year_cooccurrence_rate,2019,weave,world,,0.375
year_cooccurrence_rate,2021,weave,world,,0.2
year_cooccurrence_rate,2022,weave,world,,0.077
year_cooccurrence_rate,2023,weave,world,,0.1
year_cooccurrence_rate,1999,weave,world,,0.667
year_cooccurrence_rate,2019,weave,wholesomeness,,0.125
year_cooccurrence_rate,2019,weave,technoeikon,,0.125
year_cooccurrence_rate,2019,weave,represent,,0.125
year_cooccurrence_rate,1996,weave,represent,,1.0
year_cooccurrence_rate,2019,weave,skill,,0.125
year_cooccurrence_rate,2019,weave,image,,0.875
year_cooccurrence_rate,2019,weave,instantiate,,0.25
year_cooccurrence_rate,2019,weave,motion,,0.25
year_cooccurrence_rate,2019,weave,real,,0.25
year_cooccurrence_rate,2019,weave,skeuomorph,,0.125
year_cooccurrence_rate,2019,weave,embody,,0.125
year_cooccurrence_rate,2019,weave,ideology,,0.125
year_cooccurrence_rate,2019,weave,natural,,0.125
year_cooccurrence_rate,2023,weave,natural,,0.1
year_cooccurrence_rate,2026,weave,natural,,0.1
year_cooccurrence_rate,1994,weave,natural,,0.5
year_cooccurrence_rate,2019,weave,system,,0.125
year_cooccurrence_rate,2019,weave,offer,,0.125
year_cooccurrence_rate,2019,weave,realistic,,0.125
year_cooccurrence_rate,2020,weave,teaching,,0.333
year_cooccurrence_rate,2020,weave,department,,0.333
year_cooccurrence_rate,2020,weave,liaise,,0.333
year_cooccurrence_rate,2020,weave,resource,,0.333
year_cooccurrence_rate,2020,weave,discipline,,0.333
year_cooccurrence_rate,2020,weave,guiding,,0.333
year_cooccurrence_rate,2020,weave,historian,,0.333
year_cooccurrence_rate,2020,weave,anthologie,,0.333
year_cooccurrence_rate,2020,weave,grecque,,0.333
year_cooccurrence_rate,2020,weave,partie,,0.333
year_cooccurrence_rate,2020,weave,texte,,0.333
year_cooccurrence_rate,2020,weave,traduit,,0.333
year_cooccurrence_rate,2020,weave,par,,0.333
year_cooccurrence_rate,2020,weave,pierre,,0.333
year_cooccurrence_rate,2020,weave,waltz,,0.333
year_cooccurrence_rate,2020,weave,say,,0.333
year_cooccurrence_rate,2023,weave,say,,0.3
year_cooccurrence_rate,2020,weave,wreath,,0.333
year_cooccurrence_rate,2020,weave,flower,,0.333
year_cooccurrence_rate,2020,weave,literal,,0.333
year_cooccurrence_rate,2020,weave,translation,,0.333
year_cooccurrence_rate,2020,weave,greek,,0.333
year_cooccurrence_rate,2023,weave,greek,,0.1
year_cooccurrence_rate,2020,weave,anthologia,,0.333
year_cooccurrence_rate,2021,weave,neo,,0.2
year_cooccurrence_rate,2021,weave,power,,0.2
year_cooccurrence_rate,2026,weave,power,,0.2
year_cooccurrence_rate,2021,weave,site,,0.2
year_cooccurrence_rate,2021,weave,source,,0.2
year_cooccurrence_rate,2022,weave,source,,0.077
year_cooccurrence_rate,2023,weave,source,,0.3
year_cooccurrence_rate,2021,weave,seeing,,0.2
year_cooccurrence_rate,2021,weave,redesigning,,0.2
year_cooccurrence_rate,2021,weave,locus,,0.2
year_cooccurrence_rate,2021,weave,sustaining,,0.2
year_cooccurrence_rate,2021,weave,community,,0.2
year_cooccurrence_rate,2021,weave,academic,,0.2
year_cooccurrence_rate,2026,weave,academic,,0.1
year_cooccurrence_rate,2021,weave,otherwise,,0.2
year_cooccurrence_rate,2007,weave,otherwise,,0.333
year_cooccurrence_rate,2022,weave,processing,,0.077
year_cooccurrence_rate,2022,weave,time,,0.077
year_cooccurrence_rate,2023,weave,time,,0.1
year_cooccurrence_rate,2026,weave,time,,0.1
year_cooccurrence_rate,2022,weave,neural,,0.154
year_cooccurrence_rate,2022,weave,intellectual,,0.077
year_cooccurrence_rate,2022,weave,relational,,0.154
year_cooccurrence_rate,2026,weave,relational,,0.1
year_cooccurrence_rate,2022,weave,force,,0.077
year_cooccurrence_rate,2022,weave,inevitably,,0.077
year_cooccurrence_rate,2022,weave,shape,,0.077
year_cooccurrence_rate,2022,weave,trans,,0.077
year_cooccurrence_rate,2022,weave,intelligible,,0.077
year_cooccurrence_rate,2022,weave,discussion,,0.077
year_cooccurrence_rate,1994,weave,discussion,,0.5
year_cooccurrence_rate,2022,weave,terminology,,0.077
year_cooccurrence_rate,2022,weave,categorizing,,0.077
year_cooccurrence_rate,2022,weave,effect,,0.077
year_cooccurrence_rate,2022,weave,collection,,0.077
year_cooccurrence_rate,2022,weave,mirror,,0.077
year_cooccurrence_rate,2022,weave,antebellum,,0.077
year_cooccurrence_rate,2022,weave,woman,,0.231
year_cooccurrence_rate,2022,weave,settlement,,0.077
year_cooccurrence_rate,2022,weave,dissertation,,0.077
year_cooccurrence_rate,2022,weave,consulted,,0.077
year_cooccurrence_rate,2022,weave,petersime,,0.077
year_cooccurrence_rate,2022,weave,expertise,,0.077
year_cooccurrence_rate,2022,weave,archival,,0.077
year_cooccurrence_rate,2022,weave,fragment,,0.154
year_cooccurrence_rate,2022,weave,met,,0.077
year_cooccurrence_rate,2022,weave,mason,,0.077
year_cooccurrence_rate,2022,weave,offered,,0.077
year_cooccurrence_rate,2022,weave,interpreted,,0.077
year_cooccurrence_rate,2022,weave,vein,,0.077
year_cooccurrence_rate,2022,weave,made,,0.077
year_cooccurrence_rate,2022,weave,order,,0.077
year_cooccurrence_rate,1990,weave,order,,0.667
year_cooccurrence_rate,2022,weave,representation,,0.231
year_cooccurrence_rate,2022,weave,although,,0.077
year_cooccurrence_rate,2022,weave,operationalization,,0.077
year_cooccurrence_rate,2022,weave,theory,,0.077
year_cooccurrence_rate,2002,weave,theory,,0.333
year_cooccurrence_rate,2022,weave,recently,,0.077
year_cooccurrence_rate,2022,weave,final,,0.077
year_cooccurrence_rate,2022,weave,revision,,0.077
year_cooccurrence_rate,2022,weave,collation,,0.077
year_cooccurrence_rate,2022,weave,established,,0.077
year_cooccurrence_rate,2022,weave,edition,,0.231
year_cooccurrence_rate,2022,weave,pennsylvania,,0.077
year_cooccurrence_rate,2022,weave,electronic,,0.077
year_cooccurrence_rate,2022,weave,paee,,0.077
year_cooccurrence_rate,2022,weave,early,,0.077
year_cooccurrence_rate,2022,weave,hypertext,,0.077
year_cooccurrence_rate,1990,weave,hypertext,,0.333
year_cooccurrence_rate,1994,weave,hypertext,,0.5
year_cooccurrence_rate,1996,weave,hypertext,,1.0
year_cooccurrence_rate,2022,weave,magnifies,,0.077
year_cooccurrence_rate,2022,weave,error,,0.077
year_cooccurrence_rate,2022,weave,correction,,0.077
year_cooccurrence_rate,2022,weave,calling,,0.077
year_cooccurrence_rate,2022,weave,tooling,,0.077
year_cooccurrence_rate,2022,weave,smooth,,0.077
year_cooccurrence_rate,2022,weave,conference,,0.077
year_cooccurrence_rate,2022,weave,seek,,0.077
year_cooccurrence_rate,2022,weave,share,,0.077
year_cooccurrence_rate,2022,weave,effort,,0.077
year_cooccurrence_rate,1990,weave,effort,,0.333
year_cooccurrence_rate,2022,weave,frankenstein,,0.077
year_cooccurrence_rate,2022,weave,alternate,,0.077
year_cooccurrence_rate,2022,weave,reality,,0.154
year_cooccurrence_rate,2022,weave,black,,0.154
year_cooccurrence_rate,2022,weave,girlhood,,0.077
year_cooccurrence_rate,2022,weave,exist,,0.077
year_cooccurrence_rate,2022,weave,discus,,0.077
year_cooccurrence_rate,2022,weave,girl,,0.077
year_cooccurrence_rate,2022,weave,feature,,0.077
year_cooccurrence_rate,2022,weave,fantastic,,0.077
year_cooccurrence_rate,2022,weave,futuristic,,0.077
year_cooccurrence_rate,2022,weave,reading,,0.077
year_cooccurrence_rate,2022,weave,escaped,,0.077
year_cooccurrence_rate,2022,weave,notice,,0.077
year_cooccurrence_rate,2022,weave,resulting,,0.077
year_cooccurrence_rate,2022,weave,model,,0.154
year_cooccurrence_rate,2022,weave,aid,,0.077
year_cooccurrence_rate,2022,weave,disparate,,0.077
year_cooccurrence_rate,2022,weave,individual,,0.077
year_cooccurrence_rate,2022,weave,region,,0.077
year_cooccurrence_rate,2022,weave,agency,,0.077
year_cooccurrence_rate,2022,weave,released,,0.077
year_cooccurrence_rate,2022,weave,every,,0.077
year_cooccurrence_rate,2022,weave,day,,0.077
year_cooccurrence_rate,2022,weave,month,,0.077
year_cooccurrence_rate,2022,weave,september,,0.077
year_cooccurrence_rate,2022,weave,zealander,,0.077
year_cooccurrence_rate,2022,weave,content,,0.077
year_cooccurrence_rate,2022,weave,appears,,0.077
year_cooccurrence_rate,2022,weave,milestone,,0.077
year_cooccurrence_rate,2022,weave,million,,0.077
year_cooccurrence_rate,2022,weave,reo,,0.077
year_cooccurrence_rate,2022,weave,tweet,,0.077
year_cooccurrence_rate,2022,weave,core,,0.077
year_cooccurrence_rate,2022,weave,undertaking,,0.077
year_cooccurrence_rate,2022,weave,deeply,,0.077
year_cooccurrence_rate,2026,weave,deeply,,0.1
year_cooccurrence_rate,2022,weave,rooted,,0.077
year_cooccurrence_rate,2022,weave,performed,,0.077
year_cooccurrence_rate,2022,weave,heritage,,0.077
year_cooccurrence_rate,2022,weave,tenet,,0.077
year_cooccurrence_rate,2022,weave,still,,0.077
year_cooccurrence_rate,2022,weave,unsettled,,0.077
year_cooccurrence_rate,2022,weave,relation,,0.154
year_cooccurrence_rate,2026,weave,relation,,0.1
year_cooccurrence_rate,2022,weave,compose,,0.077
year_cooccurrence_rate,2022,weave,expanded,,0.077
year_cooccurrence_rate,2022,weave,designates,,0.077
year_cooccurrence_rate,2022,weave,texture,,0.077
year_cooccurrence_rate,2022,weave,absolute,,0.077
year_cooccurrence_rate,2022,weave,ground,,0.077
year_cooccurrence_rate,2022,weave,context,,0.077
year_cooccurrence_rate,2022,weave,lacapra,,0.077
year_cooccurrence_rate,2022,weave,connected,,0.077
year_cooccurrence_rate,2022,weave,placed,,0.077
year_cooccurrence_rate,2022,weave,bibliothek,,0.077
year_cooccurrence_rate,2022,weave,june,,0.077
year_cooccurrence_rate,2022,weave,interpreting,,0.077
year_cooccurrence_rate,2022,weave,note,,0.077
year_cooccurrence_rate,1993,weave,note,,0.5
year_cooccurrence_rate,2022,weave,possibility,,0.077
year_cooccurrence_rate,2022,weave,ancient,,0.077
year_cooccurrence_rate,2022,weave,tradition,,0.077
year_cooccurrence_rate,2026,weave,tradition,,0.1
year_cooccurrence_rate,2022,weave,neuman,,0.077
year_cooccurrence_rate,2022,weave,danesi,,0.077
year_cooccurrence_rate,2022,weave,unravel,,0.077
year_cooccurrence_rate,2022,weave,cue,,0.077
year_cooccurrence_rate,2022,weave,modality,,0.077
year_cooccurrence_rate,2022,weave,start,,0.077
year_cooccurrence_rate,2023,weave,start,,0.1
year_cooccurrence_rate,2022,weave,methodology,,0.154
year_cooccurrence_rate,2022,weave,old,,0.154
year_cooccurrence_rate,2022,weave,interpretation,,0.154
year_cooccurrence_rate,2026,weave,interpretation,,0.1
year_cooccurrence_rate,2022,weave,ever,,0.077
year_cooccurrence_rate,2022,weave,broadening,,0.077
year_cooccurrence_rate,2022,weave,field,,0.077
year_cooccurrence_rate,2022,weave,penetrate,,0.077
year_cooccurrence_rate,2022,weave,deep,,0.077
year_cooccurrence_rate,2023,weave,deep,,0.1
year_cooccurrence_rate,2022,weave,develop,,0.077
year_cooccurrence_rate,1990,weave,develop,,0.667
year_cooccurrence_rate,2022,weave,scholarship,,0.077
year_cooccurrence_rate,2022,weave,vol,,0.077
year_cooccurrence_rate,1993,weave,vol,,0.5
year_cooccurrence_rate,2023,weave,darkness,,0.5
year_cooccurrence_rate,2023,weave,fall,,0.5
year_cooccurrence_rate,2023,weave,inside,,0.1
year_cooccurrence_rate,2023,weave,portrait,,0.9
year_cooccurrence_rate,2023,weave,parlor,,0.6
year_cooccurrence_rate,2023,weave,inner,,1.2
year_cooccurrence_rate,2023,weave,thought,,1.2
year_cooccurrence_rate,2023,weave,men,,1.1
year_cooccurrence_rate,2023,weave,heavy,,0.1
year_cooccurrence_rate,2023,weave,guilt,,0.3
year_cooccurrence_rate,2023,weave,carried,,0.1
year_cooccurrence_rate,2023,weave,player,,0.6
year_cooccurrence_rate,2023,weave,quatrain,,0.1
year_cooccurrence_rate,2023,weave,line,,0.6
year_cooccurrence_rate,1993,weave,line,,0.5
year_cooccurrence_rate,2023,weave,describes,,0.1
year_cooccurrence_rate,2023,weave,scarlet,,0.5
year_cooccurrence_rate,2023,weave,presumably,,0.1
year_cooccurrence_rate,2023,weave,unnecessary,,0.1
year_cooccurrence_rate,2023,weave,play,,0.3
year_cooccurrence_rate,1993,weave,play,,0.5
year_cooccurrence_rate,2023,weave,begin,,0.2
year_cooccurrence_rate,2023,weave,signify,,0.1
year_cooccurrence_rate,2023,weave,telling,,0.2
year_cooccurrence_rate,1999,weave,telling,,0.333
year_cooccurrence_rate,2023,weave,speaker,,0.1
year_cooccurrence_rate,2023,weave,action,,0.1
year_cooccurrence_rate,2023,weave,risk,,0.1
year_cooccurrence_rate,2023,weave,exposure,,0.2
year_cooccurrence_rate,2023,weave,portraiture,,0.2
year_cooccurrence_rate,2023,weave,secret,,0.1
year_cooccurrence_rate,2023,weave,guilty,,0.1
year_cooccurrence_rate,2023,weave,especially,,0.1
year_cooccurrence_rate,2023,weave,deed,,0.1
year_cooccurrence_rate,2023,weave,done,,0.1
year_cooccurrence_rate,2023,weave,left,,0.2
year_cooccurrence_rate,2023,weave,sociality,,0.1
year_cooccurrence_rate,2023,weave,lair,,0.1
year_cooccurrence_rate,2023,weave,wildness,,0.1
year_cooccurrence_rate,2023,weave,secrecy,,0.1
year_cooccurrence_rate,2023,weave,danger,,0.1
year_cooccurrence_rate,2023,weave,familiar,,0.1
year_cooccurrence_rate,2023,weave,trope,,0.1
year_cooccurrence_rate,2023,weave,fate,,0.1
year_cooccurrence_rate,2023,weave,moirai,,0.1
year_cooccurrence_rate,2023,weave,tennyson,,0.1
year_cooccurrence_rate,2023,weave,imagery,,0.1
year_cooccurrence_rate,2023,weave,relating,,0.1
year_cooccurrence_rate,2023,weave,art,,0.3
year_cooccurrence_rate,2026,weave,art,,0.2
year_cooccurrence_rate,2023,weave,flitting,,0.1
year_cooccurrence_rate,2023,weave,fine,,0.1
year_cooccurrence_rate,2023,weave,artisanal,,0.1
year_cooccurrence_rate,2023,weave,craft,,0.1
year_cooccurrence_rate,2023,weave,storytelling,,0.1
year_cooccurrence_rate,2026,weave,storytelling,,0.2
year_cooccurrence_rate,2023,weave,theatre,,0.1
year_cooccurrence_rate,2023,weave,assuming,,0.1
year_cooccurrence_rate,2023,weave,shakespearean,,0.1
year_cooccurrence_rate,2023,weave,premise,,0.1
year_cooccurrence_rate,2023,weave,indicating,,0.1
year_cooccurrence_rate,2023,weave,room,,0.2
year_cooccurrence_rate,2023,weave,come,,0.1
year_cooccurrence_rate,2023,weave,followed,,0.1
year_cooccurrence_rate,2023,weave,prompt,,0.1
year_cooccurrence_rate,2023,weave,awaiting,,0.1
year_cooccurrence_rate,2023,weave,input,,0.1
year_cooccurrence_rate,2023,weave,repetitive,,0.1
year_cooccurrence_rate,2023,weave,coming,,0.1
year_cooccurrence_rate,2023,weave,addition,,0.1
year_cooccurrence_rate,2023,weave,normally,,0.1
year_cooccurrence_rate,2023,weave,expect,,0.1
year_cooccurrence_rate,2023,weave,odd,,0.1
year_cooccurrence_rate,2023,weave,message,,0.2
year_cooccurrence_rate,2023,weave,given,,0.3
year_cooccurrence_rate,2023,weave,reader,,0.1
year_cooccurrence_rate,1993,weave,reader,,0.5
year_cooccurrence_rate,2023,weave,informed,,0.1
year_cooccurrence_rate,2023,weave,examine,,0.2
year_cooccurrence_rate,1993,weave,examine,,0.5
year_cooccurrence_rate,2023,weave,nothing,,0.1
year_cooccurrence_rate,2023,weave,special,,0.1
year_cooccurrence_rate,2023,weave,initial,,0.1
year_cooccurrence_rate,2023,weave,display,,0.1
year_cooccurrence_rate,2023,weave,run,,0.1
year_cooccurrence_rate,2023,weave,depends,,0.1
year_cooccurrence_rate,2023,weave,decides,,0.1
year_cooccurrence_rate,2023,weave,rot,,0.1
year_cooccurrence_rate,2023,weave,putting,,0.1
year_cooccurrence_rate,2023,weave,anticipate,,0.1
year_cooccurrence_rate,2023,weave,post,,0.1
year_cooccurrence_rate,2023,weave,urgency,,0.1
year_cooccurrence_rate,2023,weave,ecological,,0.1
year_cooccurrence_rate,2023,weave,loss,,0.1
year_cooccurrence_rate,2023,weave,environmental,,0.1
year_cooccurrence_rate,2023,weave,oriented,,0.1
year_cooccurrence_rate,2023,weave,deh,,0.1
year_cooccurrence_rate,2023,weave,precedent,,0.1
year_cooccurrence_rate,2023,weave,classical,,0.1
year_cooccurrence_rate,2023,weave,sixty,,0.1
year_cooccurrence_rate,2023,weave,four,,0.1
year_cooccurrence_rate,2023,weave,visible,,0.1
year_cooccurrence_rate,2023,weave,rilievo,,0.1
year_cooccurrence_rate,2023,weave,schiacciato,,0.1
year_cooccurrence_rate,2023,weave,relief,,0.1
year_cooccurrence_rate,2023,weave,meltzoff,,0.1
year_cooccurrence_rate,2023,weave,maintains,,0.1
year_cooccurrence_rate,2023,weave,intricate,,0.1
year_cooccurrence_rate,1993,weave,intricate,,1.0
year_cooccurrence_rate,2023,weave,moral,,0.1
year_cooccurrence_rate,2023,weave,argument,,0.1
year_cooccurrence_rate,2023,weave,necessity,,0.1
year_cooccurrence_rate,2023,weave,eloquence,,0.1
year_cooccurrence_rate,2023,weave,liberal,,0.1
year_cooccurrence_rate,2023,weave,understanding,,0.1
year_cooccurrence_rate,2023,weave,knowing,,0.1
year_cooccurrence_rate,2023,weave,refer,,0.1
year_cooccurrence_rate,2023,weave,another,,0.1
year_cooccurrence_rate,2023,weave,different,,0.1
year_cooccurrence_rate,1999,weave,different,,0.333
year_cooccurrence_rate,1994,weave,different,,0.5
year_cooccurrence_rate,2005,weave,different,,0.5
year_cooccurrence_rate,2023,weave,past,,0.1
year_cooccurrence_rate,2005,weave,past,,0.5
year_cooccurrence_rate,2023,weave,document,,0.1
year_cooccurrence_rate,2023,weave,detailed,,0.1
year_cooccurrence_rate,2023,weave,geohistorical,,0.1
year_cooccurrence_rate,2023,weave,urban,,0.1
year_cooccurrence_rate,2023,weave,investigate,,0.1
year_cooccurrence_rate,2023,weave,historical,,0.1
year_cooccurrence_rate,2023,weave,economical,,0.1
year_cooccurrence_rate,2026,weave,moment,,0.1
year_cooccurrence_rate,2026,weave,retaining,,0.1
year_cooccurrence_rate,2026,weave,continuous,,0.2
year_cooccurrence_rate,2026,weave,analog,,0.3
year_cooccurrence_rate,2026,weave,nonetheless,,0.1
year_cooccurrence_rate,2026,weave,instruction,,0.3
year_cooccurrence_rate,2026,weave,deftly,,0.1
year_cooccurrence_rate,2026,weave,logic,,0.2
year_cooccurrence_rate,2026,weave,converting,,0.1
year_cooccurrence_rate,2026,weave,internally,,0.1
year_cooccurrence_rate,2026,weave,providing,,0.1
year_cooccurrence_rate,2026,weave,output,,0.1
year_cooccurrence_rate,2026,weave,signal,,0.1
year_cooccurrence_rate,2026,weave,reductive,,0.1
year_cooccurrence_rate,2026,weave,let,,0.1
year_cooccurrence_rate,2026,weave,follow,,0.1
year_cooccurrence_rate,2026,weave,hybrid,,0.1
year_cooccurrence_rate,2026,weave,volleyball,,0.1
year_cooccurrence_rate,2026,weave,path,,0.1
year_cooccurrence_rate,1994,weave,path,,0.5
year_cooccurrence_rate,2026,weave,scale,,0.2
year_cooccurrence_rate,2026,weave,procedure,,0.1
year_cooccurrence_rate,2026,weave,level,,0.1
year_cooccurrence_rate,2026,weave,abstract,,0.1
year_cooccurrence_rate,2026,weave,programmer,,0.1
year_cooccurrence_rate,2026,weave,coding,,0.1
year_cooccurrence_rate,2026,weave,style,,0.1
year_cooccurrence_rate,2026,weave,programming,,0.1
year_cooccurrence_rate,2026,weave,address,,0.1
year_cooccurrence_rate,2026,weave,simultaneously,,0.3
year_cooccurrence_rate,2026,weave,exchanging,,0.1
year_cooccurrence_rate,2026,weave,thereby,,0.1
year_cooccurrence_rate,2026,weave,contour,,0.1
year_cooccurrence_rate,2026,weave,physical,,0.1
year_cooccurrence_rate,2026,weave,affordances,,0.2
year_cooccurrence_rate,2026,weave,readable,,0.2
year_cooccurrence_rate,2007,weave,readable,,0.333
year_cooccurrence_rate,2026,weave,particular,,0.2
year_cooccurrence_rate,2026,weave,notebook,,0.1
year_cooccurrence_rate,2026,weave,allow,,0.1
year_cooccurrence_rate,2026,weave,code,,0.1
year_cooccurrence_rate,2026,weave,prose,,0.1
year_cooccurrence_rate,2026,weave,single,,0.1
year_cooccurrence_rate,1999,weave,single,,0.333
year_cooccurrence_rate,1994,weave,single,,0.5
year_cooccurrence_rate,2026,weave,executable,,0.1
year_cooccurrence_rate,2026,weave,shaped,,0.1
year_cooccurrence_rate,2026,weave,familial,,0.1
year_cooccurrence_rate,2026,weave,tie,,0.1
year_cooccurrence_rate,2026,weave,economic,,0.1
year_cooccurrence_rate,2026,weave,exchange,,0.1
year_cooccurrence_rate,2026,weave,political,,0.1
year_cooccurrence_rate,2026,weave,national,,0.1
year_cooccurrence_rate,2026,weave,divide,,0.1
year_cooccurrence_rate,2026,weave,suggests,,0.1
year_cooccurrence_rate,2026,weave,transborder,,0.1
year_cooccurrence_rate,2026,weave,grounded,,0.1
year_cooccurrence_rate,2026,weave,epistemological,,0.1
year_cooccurrence_rate,2026,weave,condition,,0.1
year_cooccurrence_rate,2026,weave,berkeley,,0.1
year_cooccurrence_rate,2026,weave,center,,0.1
year_cooccurrence_rate,2026,weave,california,,0.1
year_cooccurrence_rate,2026,weave,attempt,,0.1
year_cooccurrence_rate,2026,weave,digitize,,0.1
year_cooccurrence_rate,2026,weave,moving,,0.1
year_cooccurrence_rate,2026,weave,combining,,0.1
year_cooccurrence_rate,2026,weave,reveals,,0.1
year_cooccurrence_rate,2026,weave,orality,,0.1
year_cooccurrence_rate,2026,weave,person,,0.1
year_cooccurrence_rate,2026,weave,narrates,,0.1
year_cooccurrence_rate,2026,weave,focused,,0.1
year_cooccurrence_rate,2026,weave,rhizomatic,,0.1
year_cooccurrence_rate,2026,weave,journal,,0.1
year_cooccurrence_rate,2026,weave,presented,,0.1
year_cooccurrence_rate,2026,weave,section,,0.1
year_cooccurrence_rate,1994,weave,section,,0.5
year_cooccurrence_rate,1993,weave,section,,1.5
year_cooccurrence_rate,2026,weave,postcard,,0.2
year_cooccurrence_rate,2026,weave,curiosity,,0.1
year_cooccurrence_rate,2026,weave,narrate,,0.1
year_cooccurrence_rate,2026,weave,decode,,0.1
year_cooccurrence_rate,2026,weave,series,,0.1
year_cooccurrence_rate,2026,weave,blog,,0.1
year_cooccurrence_rate,2026,weave,seen,,0.1
year_cooccurrence_rate,2026,weave,tale,,0.1
year_cooccurrence_rate,2026,weave,south,,0.1
year_cooccurrence_rate,2026,weave,downloaded,,0.1
year_cooccurrence_rate,2026,weave,http,,0.1
year_cooccurrence_rate,2026,weave,oup,,0.1
year_cooccurrence_rate,2026,weave,com,,0.1
year_cooccurrence_rate,2026,weave,dsh,,0.1
year_cooccurrence_rate,2026,weave,article,,0.1
year_cooccurrence_rate,2026,weave,berlin,,0.1
year_cooccurrence_rate,2026,weave,inflection,,0.1
year_cooccurrence_rate,2026,weave,point,,0.1
year_cooccurrence_rate,1993,weave,point,,0.5
year_cooccurrence_rate,2026,weave,convergence,,0.1
year_cooccurrence_rate,2026,weave,conversation,,0.1
year_cooccurrence_rate,2026,weave,dodd,,0.1
year_cooccurrence_rate,2026,weave,menon,,0.1
year_cooccurrence_rate,2026,weave,extends,,0.1
year_cooccurrence_rate,2026,weave,scope,,0.1
year_cooccurrence_rate,2007,weave,useful,,0.333
year_cooccurrence_rate,2007,weave,introduction,,0.333
year_cooccurrence_rate,2007,weave,business,,0.333
year_cooccurrence_rate,2007,weave,digitization,,0.333
year_cooccurrence_rate,2007,weave,anecdote,,0.333
year_cooccurrence_rate,2007,weave,technical,,0.333
year_cooccurrence_rate,2007,weave,standard,,0.333
year_cooccurrence_rate,2007,weave,animate,,0.333
year_cooccurrence_rate,1999,weave,depend,,0.333
year_cooccurrence_rate,1999,weave,mere,,0.333
year_cooccurrence_rate,1999,weave,playback,,0.333
year_cooccurrence_rate,1999,weave,stream,,0.333
year_cooccurrence_rate,1999,weave,compression,,0.333
year_cooccurrence_rate,1999,weave,expansion,,0.333
year_cooccurrence_rate,1999,weave,substitution,,0.333
year_cooccurrence_rate,1999,weave,strand,,0.333
year_cooccurrence_rate,1990,weave,strand,,1.333
year_cooccurrence_rate,1999,weave,stuff,,0.333
year_cooccurrence_rate,1999,weave,accomplishing,,0.333
year_cooccurrence_rate,1999,weave,instructor,,0.333
year_cooccurrence_rate,1999,weave,wide,,0.667
year_cooccurrence_rate,1999,weave,associated,,0.333
year_cooccurrence_rate,1999,weave,communicative,,0.333
year_cooccurrence_rate,1999,weave,quite,,0.333
year_cooccurrence_rate,1999,weave,effectively,,0.333
year_cooccurrence_rate,1999,weave,curriculum,,0.333
year_cooccurrence_rate,1990,weave,know,,0.333
year_cooccurrence_rate,1990,weave,varied,,0.333
year_cooccurrence_rate,1990,weave,ment,,0.667
year_cooccurrence_rate,1990,weave,automation,,0.667
year_cooccurrence_rate,1990,weave,great,,0.333
year_cooccurrence_rate,1990,weave,importance,,0.333
year_cooccurrence_rate,1990,weave,multiplot,,0.333
year_cooccurrence_rate,1990,weave,activity,,0.333
year_cooccurrence_rate,1990,weave,interlacing,,0.333
year_cooccurrence_rate,1990,weave,intersecting,,0.333
year_cooccurrence_rate,1990,weave,counter,,0.333
year_cooccurrence_rate,1990,weave,alignment,,0.333
year_cooccurrence_rate,1990,weave,fixed,,0.333
year_cooccurrence_rate,1990,weave,arrangement,,0.333
year_cooccurrence_rate,1994,weave,ability,,0.5
year_cooccurrence_rate,1994,weave,format,,0.5
year_cooccurrence_rate,1994,weave,differ,,0.5
year_cooccurrence_rate,1994,weave,ent,,0.5
year_cooccurrence_rate,1994,weave,complicates,,0.5
year_cooccurrence_rate,1994,weave,essence,,0.5
year_cooccurrence_rate,1994,weave,meant,,0.5
year_cooccurrence_rate,1994,weave,exclusive,,0.5
year_cooccurrence_rate,1994,weave,labyrinth,,1.0
year_cooccurrence_rate,1994,weave,labyrinthine,,1.0
year_cooccurrence_rate,1994,weave,building,,0.5
year_cooccurrence_rate,1994,weave,maze,,0.5
year_cooccurrence_rate,1994,weave,jungle,,0.5
year_cooccurrence_rate,1994,weave,artificial,,0.5
year_cooccurrence_rate,1994,weave,psychoanalysis,,0.5
year_cooccurrence_rate,1996,weave,simply,,1.0
year_cooccurrence_rate,1993,weave,simply,,0.5
year_cooccurrence_rate,1996,weave,fit,,1.0
year_cooccurrence_rate,1996,weave,metaphorically,,1.0
year_cooccurrence_rate,1996,weave,havholm,,1.0
year_cooccurrence_rate,2002,weave,late,,0.333
year_cooccurrence_rate,2002,weave,age,,0.333
year_cooccurrence_rate,2002,weave,seeking,,0.333
year_cooccurrence_rate,2002,weave,answer,,0.333
year_cooccurrence_rate,2002,weave,concerning,,0.333
year_cooccurrence_rate,2002,weave,assumption,,0.333
year_cooccurrence_rate,2002,weave,inherited,,0.333
year_cooccurrence_rate,2002,weave,exercise,,0.333
year_cooccurrence_rate,2002,weave,nascent,,0.333
year_cooccurrence_rate,2002,weave,cyborg,,0.333
year_cooccurrence_rate,2002,weave,faculty,,0.333
year_cooccurrence_rate,2005,weave,email,,0.5
year_cooccurrence_rate,2005,weave,spontaneously,,0.5
year_cooccurrence_rate,2005,weave,update,,0.5
year_cooccurrence_rate,2005,weave,weblog,,0.5
year_cooccurrence_rate,2005,weave,show,,0.5
year_cooccurrence_rate,2005,weave,closer,,0.5
year_cooccurrence_rate,2005,weave,learn,,0.5
year_cooccurrence_rate,2005,weave,pas,,0.5
year_cooccurrence_rate,2005,weave,ahead,,0.5
year_cooccurrence_rate,2005,weave,always,,0.5
year_cooccurrence_rate,2005,weave,accessible,,0.5
year_cooccurrence_rate,2005,weave,visit,,0.5
year_cooccurrence_rate,2005,weave,consequence,,0.5
year_cooccurrence_rate,2005,weave,interdisciplinarity,,0.5
year_cooccurrence_rate,2005,weave,highlighted,,0.5
year_cooccurrence_rate,2005,weave,intended,,0.5
year_cooccurrence_rate,2005,weave,geographer,,0.5
year_cooccurrence_rate,2005,weave,architect,,0.5
year_cooccurrence_rate,1993,weave,unit,,0.5
year_cooccurrence_rate,1993,weave,elaborate,,0.5
year_cooccurrence_rate,1993,weave,rest,,0.5
year_cooccurrence_rate,1993,weave,discrete,,0.5
year_cooccurrence_rate,1993,weave,melodic,,0.5
year_cooccurrence_rate,1993,weave,trusting,,0.5
year_cooccurrence_rate,1993,weave,scribe,,0.5
year_cooccurrence_rate,1993,weave,approach,,0.5
year_cooccurrence_rate,1993,weave,tagging,,0.5
year_cooccurrence_rate,1993,weave,tact,,1.0
year_cooccurrence_rate,1993,weave,complicated,,0.5
year_cooccurrence_rate,1993,weave,constant,,1.5
year_cooccurrence_rate,1993,weave,variable,,1.5
year_cooccurrence_rate,1993,weave,charroi,,0.5
year_cooccurrence_rate,1993,weave,nimes,,0.5
year_cooccurrence_rate,1993,weave,progressive,,0.5
year_cooccurrence_rate,1993,weave,considerable,,0.5
year_cooccurrence_rate,1993,weave,variation,,0.5
year_cooccurrence_rate,1993,weave,occurs,,0.5
year_cooccurrence_rate,1993,weave,table,,1.5
year_cooccurrence_rate,1993,weave,small,,0.5
year_cooccurrence_rate,1993,weave,scattered,,0.5
year_cooccurrence_rate,1993,weave,repetition,,0.5
year_cooccurrence_rate,1993,weave,tresqu,,0.5
year_cooccurrence_rate,1993,weave,arester,,1.0
year_cooccurrence_rate,1993,weave,voit,,0.5
year_cooccurrence_rate,1993,weave,trusqu,,0.5
year_cooccurrence_rate,1993,weave,pale,,0.5
year_cooccurrence_rate,1993,weave,main,,1.0
year_cooccurrence_rate,1993,weave,bers,,0.5
year_cooccurrence_rate,1993,weave,descent,,1.0
year_cooccurrence_rate,1993,weave,echo,,0.5
year_cooccurrence_rate,1993,weave,xviii,,0.5
year_cooccurrence_rate,1993,weave,xxvi,,0.5
year_cooccurrence_rate,1993,weave,monter,,0.5
year_cooccurrence_rate,1993,weave,role,,0.5
year_cooccurrence_rate,1993,weave,disentangling,,0.5
year_cooccurrence_rate,1993,weave,bradley,,0.5
year_cooccurrence_rate,1993,weave,selecting,,0.5
year_cooccurrence_rate,1993,weave,several,,0.5
year_cooccurrence_rate,1993,weave,requires,,0.5
year_cooccurrence_rate,1993,weave,repeated,,0.5
year_cooccurrence_rate,1993,weave,indexing,,1.0
year_cooccurrence_rate,1993,weave,computing,,0.5
year_cooccurrence_rate,1993,weave,discovery,,0.5
year_cooccurrence_rate,1995,weave,page,,2.0
year_cooccurrence_rate,1995,weave,regardless,,1.0
year_cooccurrence_rate,1995,weave,semantic,,1.0
year_cooccurrence_rate,1995,weave,formal,,1.0
year_cooccurrence_rate,1995,weave,connection,,1.0
year_cooccurrence_rate,1995,weave,draft,,1.0
year_cooccurrence_rate,2013,stitch,navigational,,0.125
year_cooccurrence_rate,2013,stitch,system,,0.125
year_cooccurrence_rate,2015,stitch,system,,0.1
year_cooccurrence_rate,2010,stitch,system,,0.333
year_cooccurrence_rate,2013,stitch,patch,,0.125
year_cooccurrence_rate,2013,stitch,worked,,0.125
year_cooccurrence_rate,2013,stitch,body,,0.375
year_cooccurrence_rate,2013,stitch,patchwork,,0.25
year_cooccurrence_rate,2026,stitch,patchwork,,0.1
year_cooccurrence_rate,2013,stitch,might,,0.25
year_cooccurrence_rate,2020,stitch,might,,0.333
year_cooccurrence_rate,2013,stitch,show,,0.25
year_cooccurrence_rate,2010,stitch,show,,0.333
year_cooccurrence_rate,2013,stitch,run,,0.25
year_cooccurrence_rate,2013,stitch,committee,,0.25
year_cooccurrence_rate,2013,stitch,loose,,0.25
year_cooccurrence_rate,2013,stitch,aggregate,,0.25
year_cooccurrence_rate,2013,stitch,entity,,0.25
year_cooccurrence_rate,2009,stitch,entity,,0.167
year_cooccurrence_rate,2015,stitch,entity,,0.1
year_cooccurrence_rate,2013,stitch,cacophony,,0.125
year_cooccurrence_rate,2013,stitch,sense,,0.125
year_cooccurrence_rate,2018,stitch,sense,,0.143
year_cooccurrence_rate,2013,stitch,impression,,0.125
year_cooccurrence_rate,2013,stitch,bright,,0.125
year_cooccurrence_rate,2013,stitch,partial,,0.125
year_cooccurrence_rate,2015,stitch,partial,,0.1
year_cooccurrence_rate,2013,stitch,view,,0.125
year_cooccurrence_rate,2011,stitch,view,,0.667
year_cooccurrence_rate,2013,stitch,break,,0.375
year_cooccurrence_rate,2013,stitch,wall,,0.375
year_cooccurrence_rate,2013,stitch,destroy,,0.375
year_cooccurrence_rate,2013,stitch,idol,,0.375
year_cooccurrence_rate,2013,stitch,ridicule,,0.375
year_cooccurrence_rate,2013,stitch,prejudice,,0.375
year_cooccurrence_rate,2013,stitch,cannot,,0.375
year_cooccurrence_rate,2013,stitch,repair,,0.375
year_cooccurrence_rate,2013,stitch,take,,0.375
year_cooccurrence_rate,2013,stitch,care,,0.375
year_cooccurrence_rate,2013,stitch,assemble,,0.375
year_cooccurrence_rate,2013,stitch,reassemble,,0.375
year_cooccurrence_rate,2013,stitch,together,,0.5
year_cooccurrence_rate,2014,stitch,together,,0.111
year_cooccurrence_rate,2025,stitch,together,,0.118
year_cooccurrence_rate,2009,stitch,together,,0.167
year_cooccurrence_rate,2015,stitch,together,,0.5
year_cooccurrence_rate,2016,stitch,together,,0.375
year_cooccurrence_rate,2017,stitch,together,,0.1
year_cooccurrence_rate,2018,stitch,together,,0.286
year_cooccurrence_rate,2019,stitch,together,,0.5
year_cooccurrence_rate,2020,stitch,together,,0.333
year_cooccurrence_rate,2023,stitch,together,,0.1
year_cooccurrence_rate,2026,stitch,together,,0.1
year_cooccurrence_rate,2001,stitch,together,,1.0
year_cooccurrence_rate,2002,stitch,together,,1.0
year_cooccurrence_rate,2013,stitch,compositionist,,0.125
year_cooccurrence_rate,2013,stitch,manifesto,,0.125
year_cooccurrence_rate,2013,stitch,difference,,0.125
year_cooccurrence_rate,2013,stitch,moot,,0.125
year_cooccurrence_rate,2013,stitch,performs,,0.125
year_cooccurrence_rate,2013,stitch,critique,,0.125
year_cooccurrence_rate,2013,stitch,set,,0.125
year_cooccurrence_rate,2019,stitch,set,,0.125
year_cooccurrence_rate,2001,stitch,set,,1.0
year_cooccurrence_rate,2013,stitch,utterly,,0.25
year_cooccurrence_rate,2013,stitch,heterogeneous,,0.25
year_cooccurrence_rate,2013,stitch,part,,0.25
year_cooccurrence_rate,2026,stitch,part,,0.1
year_cooccurrence_rate,2002,stitch,part,,0.333
year_cooccurrence_rate,2013,stitch,something,,0.125
year_cooccurrence_rate,2013,stitch,least,,0.125
year_cooccurrence_rate,2013,stitch,momentarily,,0.125
year_cooccurrence_rate,2013,stitch,useful,,0.125
year_cooccurrence_rate,2013,stitch,insight,,0.125
year_cooccurrence_rate,2013,stitch,understanding,,0.125
year_cooccurrence_rate,2013,stitch,circuit,,0.25
year_cooccurrence_rate,2013,stitch,unlike,,0.125
year_cooccurrence_rate,2013,stitch,eleventh,,0.125
year_cooccurrence_rate,2013,stitch,suntrust,,0.125
year_cooccurrence_rate,2013,stitch,houghton,,0.125
year_cooccurrence_rate,2013,stitch,call,,0.125
year_cooccurrence_rate,2013,stitch,method,,0.125
year_cooccurrence_rate,2025,stitch,method,,0.059
year_cooccurrence_rate,2013,stitch,analysis,,0.125
year_cooccurrence_rate,2019,stitch,analysis,,0.125
year_cooccurrence_rate,2002,stitch,analysis,,0.333
year_cooccurrence_rate,2013,stitch,field,,0.125
year_cooccurrence_rate,2013,stitch,large,,0.125
year_cooccurrence_rate,2025,stitch,large,,0.059
year_cooccurrence_rate,2013,stitch,understood,,0.125
year_cooccurrence_rate,2013,stitch,separate,,0.125
year_cooccurrence_rate,2013,stitch,bit,,0.125
year_cooccurrence_rate,2013,stitch,knowledge,,0.125
year_cooccurrence_rate,2013,stitch,individual,,0.125
year_cooccurrence_rate,2014,stitch,individual,,0.111
year_cooccurrence_rate,2015,stitch,individual,,0.1
year_cooccurrence_rate,2016,stitch,individual,,0.125
year_cooccurrence_rate,2026,stitch,individual,,0.1
year_cooccurrence_rate,2013,stitch,case,,0.125
year_cooccurrence_rate,2025,stitch,case,,0.059
year_cooccurrence_rate,2015,stitch,case,,0.2
year_cooccurrence_rate,2010,stitch,case,,0.333
year_cooccurrence_rate,2002,stitch,case,,0.333
year_cooccurrence_rate,2013,stitch,sum,,0.125
year_cooccurrence_rate,2014,stitch,since,,0.111
year_cooccurrence_rate,2014,stitch,speak,,0.111
year_cooccurrence_rate,2014,stitch,fabric,,0.111
year_cooccurrence_rate,2016,stitch,fabric,,0.125
year_cooccurrence_rate,2014,stitch,spacetime,,0.222
year_cooccurrence_rate,2014,stitch,suggestion,,0.111
year_cooccurrence_rate,2014,stitch,maybe,,0.111
year_cooccurrence_rate,2014,stitch,string,,0.111
year_cooccurrence_rate,2014,stitch,shirt,,0.111
year_cooccurrence_rate,2014,stitch,thread,,0.111
year_cooccurrence_rate,2015,stitch,thread,,0.1
year_cooccurrence_rate,2014,stitch,concerning,,0.111
year_cooccurrence_rate,2014,stitch,approached,,0.111
year_cooccurrence_rate,2014,stitch,independently,,0.111
year_cooccurrence_rate,2014,stitch,source,,0.111
year_cooccurrence_rate,2014,stitch,genre,,0.111
year_cooccurrence_rate,2014,stitch,medium,,0.111
year_cooccurrence_rate,2011,stitch,medium,,0.333
year_cooccurrence_rate,2002,stitch,medium,,0.333
year_cooccurrence_rate,2014,stitch,inevitably,,0.111
year_cooccurrence_rate,2015,stitch,inevitably,,0.1
year_cooccurrence_rate,2014,stitch,fall,,0.111
year_cooccurrence_rate,2014,stitch,short,,0.111
year_cooccurrence_rate,2014,stitch,whole,,0.111
year_cooccurrence_rate,2014,stitch,story,,0.222
year_cooccurrence_rate,2014,stitch,lacuna,,0.111
year_cooccurrence_rate,2014,stitch,project,,0.111
year_cooccurrence_rate,2018,stitch,project,,0.143
year_cooccurrence_rate,2014,stitch,diverse,,0.111
year_cooccurrence_rate,2014,stitch,multimedia,,0.111
year_cooccurrence_rate,2014,stitch,environment,,0.111
year_cooccurrence_rate,2011,stitch,environment,,0.333
year_cooccurrence_rate,2014,stitch,provides,,0.111
year_cooccurrence_rate,2014,stitch,tool,,0.111
year_cooccurrence_rate,2016,stitch,tool,,0.125
year_cooccurrence_rate,2025,stitch,fill,,0.059
year_cooccurrence_rate,2025,stitch,gutter,,0.059
year_cooccurrence_rate,2025,stitch,act,,0.118
year_cooccurrence_rate,2015,stitch,act,,0.1
year_cooccurrence_rate,2025,stitch,mccloudian,,0.059
year_cooccurrence_rate,2025,stitch,closure,,0.059
year_cooccurrence_rate,2025,stitch,imaginative,,0.059
year_cooccurrence_rate,2025,stitch,multimodal,,0.059
year_cooccurrence_rate,2025,stitch,narrative,,0.059
year_cooccurrence_rate,2018,stitch,narrative,,0.429
year_cooccurrence_rate,2019,stitch,narrative,,0.125
year_cooccurrence_rate,2025,stitch,text,,0.059
year_cooccurrence_rate,2019,stitch,text,,0.125
year_cooccurrence_rate,2025,stitch,image,,0.059
year_cooccurrence_rate,2016,stitch,image,,0.125
year_cooccurrence_rate,2002,stitch,image,,0.333
year_cooccurrence_rate,2025,stitch,panel,,0.059
year_cooccurrence_rate,2025,stitch,crucially,,0.059
year_cooccurrence_rate,2025,stitch,temporal,,0.059
year_cooccurrence_rate,2025,stitch,evolution,,0.059
year_cooccurrence_rate,2025,stitch,user,,0.059
year_cooccurrence_rate,2011,stitch,user,,0.333
year_cooccurrence_rate,2015,stitch,user,,0.3
year_cooccurrence_rate,2025,stitch,deep,,0.059
year_cooccurrence_rate,2026,stitch,deep,,0.1
year_cooccurrence_rate,2025,stitch,learning,,0.059
year_cooccurrence_rate,2026,stitch,learning,,0.1
year_cooccurrence_rate,2025,stitch,feature,,0.059
year_cooccurrence_rate,2016,stitch,feature,,0.125
year_cooccurrence_rate,2025,stitch,object,,0.059
year_cooccurrence_rate,2002,stitch,object,,0.333
year_cooccurrence_rate,2025,stitch,recognition,,0.059
year_cooccurrence_rate,2025,stitch,volume,,0.059
year_cooccurrence_rate,2025,stitch,old,,0.118
year_cooccurrence_rate,2025,stitch,map,,0.059
year_cooccurrence_rate,2011,stitch,map,,0.333
year_cooccurrence_rate,2016,stitch,map,,0.125
year_cooccurrence_rate,2010,stitch,map,,0.333
year_cooccurrence_rate,2025,stitch,ladislav,,0.059
year_cooccurrence_rate,2025,stitch,facilitating,,0.059
year_cooccurrence_rate,2009,stitch,center,,0.167
year_cooccurrence_rate,2009,stitch,narration,,0.167
year_cooccurrence_rate,2009,stitch,yet,,0.167
year_cooccurrence_rate,2009,stitch,piece,,0.333
year_cooccurrence_rate,2009,stitch,suggestive,,0.167
year_cooccurrence_rate,2009,stitch,subjective,,0.167
year_cooccurrence_rate,2009,stitch,amalgam,,0.167
year_cooccurrence_rate,2009,stitch,joined,,0.167
year_cooccurrence_rate,2009,stitch,network,,0.167
year_cooccurrence_rate,2016,stitch,network,,0.125
year_cooccurrence_rate,2018,stitch,network,,0.286
year_cooccurrence_rate,2009,stitch,fit,,0.167
year_cooccurrence_rate,2009,stitch,entirely,,0.167
year_cooccurrence_rate,2011,stitch,silent,,0.333
year_cooccurrence_rate,2011,stitch,film,,0.333
year_cooccurrence_rate,2011,stitch,era,,0.333
year_cooccurrence_rate,2011,stitch,circa,,0.333
year_cooccurrence_rate,2011,stitch,innovative,,0.333
year_cooccurrence_rate,2010,stitch,innovative,,0.333
year_cooccurrence_rate,2011,stitch,digitally,,0.333
year_cooccurrence_rate,2011,stitch,georeferenced,,0.333
year_cooccurrence_rate,2011,stitch,sanborn,,0.333
year_cooccurrence_rate,2010,stitch,sanborn,,0.333
year_cooccurrence_rate,2011,stitch,fire,,0.333
year_cooccurrence_rate,2010,stitch,fire,,0.333
year_cooccurrence_rate,2011,stitch,insurance,,0.333
year_cooccurrence_rate,2010,stitch,insurance,,0.333
year_cooccurrence_rate,2011,stitch,forty,,0.333
year_cooccurrence_rate,2011,stitch,five,,0.333
year_cooccurrence_rate,2011,stitch,town,,0.333
year_cooccurrence_rate,2011,stitch,city,,0.333
year_cooccurrence_rate,2011,stitch,time,,0.333
year_cooccurrence_rate,2019,stitch,time,,0.125
year_cooccurrence_rate,2011,stitch,bitmap,,0.333
year_cooccurrence_rate,2011,stitch,aspect,,0.333
year_cooccurrence_rate,2011,stitch,rich,,0.333
year_cooccurrence_rate,2015,stitch,rich,,0.1
year_cooccurrence_rate,2011,stitch,panoptic,,0.333
year_cooccurrence_rate,2011,stitch,imagery,,0.333
year_cooccurrence_rate,2011,stitch,satellite,,0.333
year_cooccurrence_rate,2011,stitch,street,,0.333
year_cooccurrence_rate,2011,stitch,generated,,0.333
year_cooccurrence_rate,2011,stitch,annotation,,0.333
year_cooccurrence_rate,2011,stitch,naturalize,,0.333
year_cooccurrence_rate,2011,stitch,potentially,,0.333
year_cooccurrence_rate,2002,stitch,potentially,,0.333
year_cooccurrence_rate,2015,stitch,item,,0.1
year_cooccurrence_rate,2015,stitch,preview,,0.1
year_cooccurrence_rate,2015,stitch,exemplar,,0.1
year_cooccurrence_rate,2015,stitch,support,,0.2
year_cooccurrence_rate,2015,stitch,interpretive,,0.1
year_cooccurrence_rate,2015,stitch,inference,,0.1
year_cooccurrence_rate,2015,stitch,collection,,0.1
year_cooccurrence_rate,2015,stitch,proxy,,0.1
year_cooccurrence_rate,2015,stitch,clue,,0.1
year_cooccurrence_rate,2015,stitch,supplied,,0.1
year_cooccurrence_rate,2015,stitch,interface,,0.1
year_cooccurrence_rate,2015,stitch,tile,,0.1
year_cooccurrence_rate,2016,stitch,tile,,0.125
year_cooccurrence_rate,2015,stitch,manly,,0.1
year_cooccurrence_rate,2015,stitch,binary,,0.1
year_cooccurrence_rate,2015,stitch,approach,,0.1
year_cooccurrence_rate,2015,stitch,gender,,0.1
year_cooccurrence_rate,2015,stitch,structuring,,0.1
year_cooccurrence_rate,2015,stitch,digital,,0.1
year_cooccurrence_rate,2016,stitch,digital,,0.25
year_cooccurrence_rate,2019,stitch,digital,,0.125
year_cooccurrence_rate,2002,stitch,digital,,0.333
year_cooccurrence_rate,2015,stitch,essay,,0.1
year_cooccurrence_rate,2015,stitch,asks,,0.1
year_cooccurrence_rate,2015,stitch,fragment,,0.2
year_cooccurrence_rate,2018,stitch,fragment,,0.286
year_cooccurrence_rate,2002,stitch,fragment,,0.333
year_cooccurrence_rate,2015,stitch,argumentative,,0.1
year_cooccurrence_rate,2015,stitch,interrupted,,0.1
year_cooccurrence_rate,2015,stitch,hidden,,0.1
year_cooccurrence_rate,2015,stitch,best,,0.1
year_cooccurrence_rate,2015,stitch,possible,,0.1
year_cooccurrence_rate,2015,stitch,world,,0.1
year_cooccurrence_rate,2002,stitch,world,,0.333
year_cooccurrence_rate,2015,stitch,paper,,0.1
year_cooccurrence_rate,2018,stitch,paper,,0.143
year_cooccurrence_rate,2015,stitch,demonstrate,,0.1
year_cooccurrence_rate,2015,stitch,experience,,0.1
year_cooccurrence_rate,2018,stitch,experience,,0.143
year_cooccurrence_rate,2015,stitch,architecture,,0.1
year_cooccurrence_rate,2015,stitch,component,,0.1
year_cooccurrence_rate,2015,stitch,collaboratory,,0.1
year_cooccurrence_rate,2015,stitch,enable,,0.2
year_cooccurrence_rate,2015,stitch,incorporate,,0.1
year_cooccurrence_rate,2015,stitch,specific,,0.1
year_cooccurrence_rate,2019,stitch,specific,,0.125
year_cooccurrence_rate,2015,stitch,domain,,0.2
year_cooccurrence_rate,2015,stitch,generic,,0.1
year_cooccurrence_rate,2015,stitch,training,,0.1
year_cooccurrence_rate,2015,stitch,data,,0.1
year_cooccurrence_rate,2019,stitch,data,,0.125
year_cooccurrence_rate,2015,stitch,allows,,0.1
year_cooccurrence_rate,2017,stitch,allows,,0.1
year_cooccurrence_rate,2015,stitch,translation,,0.3
year_cooccurrence_rate,2015,stitch,smaller,,0.1
year_cooccurrence_rate,2015,stitch,lead,,0.1
year_cooccurrence_rate,2015,stitch,improved,,0.1
year_cooccurrence_rate,2015,stitch,quality,,0.1
year_cooccurrence_rate,2015,stitch,inadequate,,0.1
year_cooccurrence_rate,2015,stitch,phrase,,0.3
year_cooccurrence_rate,2015,stitch,shorter,,0.1
year_cooccurrence_rate,2015,stitch,better,,0.1
year_cooccurrence_rate,2015,stitch,hypothesis,,0.1
year_cooccurrence_rate,2015,stitch,analysed,,0.1
year_cooccurrence_rate,2015,stitch,length,,0.1
year_cooccurrence_rate,2015,stitch,distribution,,0.1
year_cooccurrence_rate,2015,stitch,actually,,0.1
year_cooccurrence_rate,2015,stitch,seen,,0.1
year_cooccurrence_rate,2016,stitch,thanks,,0.125
year_cooccurrence_rate,2016,stitch,line,,0.125
year_cooccurrence_rate,2016,stitch,representation,,0.25
year_cooccurrence_rate,2016,stitch,continuity,,0.25
year_cooccurrence_rate,2016,stitch,enters,,0.125
year_cooccurrence_rate,2016,stitch,complexity,,0.125
year_cooccurrence_rate,2016,stitch,narrativity,,0.125
year_cooccurrence_rate,2016,stitch,several,,0.125
year_cooccurrence_rate,2016,stitch,sequence,,0.125
year_cooccurrence_rate,2016,stitch,moreover,,0.125
year_cooccurrence_rate,2016,stitch,implies,,0.125
year_cooccurrence_rate,2016,stitch,inherent,,0.125
year_cooccurrence_rate,2016,stitch,relationship,,0.125
year_cooccurrence_rate,2016,stitch,online,,0.125
year_cooccurrence_rate,2016,stitch,working,,0.125
year_cooccurrence_rate,2019,stitch,working,,0.125
year_cooccurrence_rate,2016,stitch,portal,,0.125
year_cooccurrence_rate,2016,stitch,developed,,0.25
year_cooccurrence_rate,2010,stitch,developed,,0.333
year_cooccurrence_rate,2016,stitch,spreadsheet,,0.125
year_cooccurrence_rate,2016,stitch,motto,,0.125
year_cooccurrence_rate,2016,stitch,transcription,,0.125
year_cooccurrence_rate,2016,stitch,program,,0.125
year_cooccurrence_rate,2026,stitch,program,,0.2
year_cooccurrence_rate,2016,stitch,collocate,,0.125
year_cooccurrence_rate,2016,stitch,emblem,,0.125
year_cooccurrence_rate,2016,stitch,metadata,,0.125
year_cooccurrence_rate,2016,stitch,create,,0.125
year_cooccurrence_rate,2018,stitch,create,,0.143
year_cooccurrence_rate,2016,stitch,uri,,0.125
year_cooccurrence_rate,2016,stitch,handle,,0.125
year_cooccurrence_rate,2016,stitch,required,,0.125
year_cooccurrence_rate,2026,stitch,required,,0.1
year_cooccurrence_rate,2016,stitch,captured,,0.125
year_cooccurrence_rate,2016,stitch,grid,,0.125
year_cooccurrence_rate,2016,stitch,software,,0.125
year_cooccurrence_rate,2016,stitch,hardware,,0.125
year_cooccurrence_rate,2016,stitch,protocol,,0.125
year_cooccurrence_rate,2016,stitch,facilitate,,0.125
year_cooccurrence_rate,2016,stitch,manual,,0.125
year_cooccurrence_rate,2001,stitch,manual,,1.0
year_cooccurrence_rate,2016,stitch,movement,,0.125
year_cooccurrence_rate,2016,stitch,laser,,0.125
year_cooccurrence_rate,2016,stitch,incipient,,0.125
year_cooccurrence_rate,2016,stitch,venture,,0.125
year_cooccurrence_rate,2016,stitch,titled,,0.125
year_cooccurrence_rate,2016,stitch,threshold,,0.375
year_cooccurrence_rate,2016,stitch,web,,0.125
year_cooccurrence_rate,2017,stitch,web,,0.1
year_cooccurrence_rate,2026,stitch,web,,0.1
year_cooccurrence_rate,2016,stitch,publishing,,0.125
year_cooccurrence_rate,2016,stitch,platform,,0.125
year_cooccurrence_rate,2016,stitch,creative,,0.125
year_cooccurrence_rate,2016,stitch,scholarship,,0.125
year_cooccurrence_rate,2016,stitch,existing,,0.125
year_cooccurrence_rate,2016,stitch,humanity,,0.125
year_cooccurrence_rate,2019,stitch,humanity,,0.125
year_cooccurrence_rate,2016,stitch,sketching,,0.125
year_cooccurrence_rate,2016,stitch,primary,,0.125
year_cooccurrence_rate,2016,stitch,design,,0.125
year_cooccurrence_rate,2017,stitch,search,,0.1
year_cooccurrence_rate,2002,stitch,search,,0.333
year_cooccurrence_rate,2017,stitch,via,,0.1
year_cooccurrence_rate,2017,stitch,index,,0.1
year_cooccurrence_rate,2017,stitch,presentation,,0.1
year_cooccurrence_rate,2017,stitch,section,,0.1
year_cooccurrence_rate,2017,stitch,put,,0.1
year_cooccurrence_rate,2017,stitch,giant,,0.1
year_cooccurrence_rate,2017,stitch,river,,0.2
year_cooccurrence_rate,2017,stitch,analogue,,0.1
year_cooccurrence_rate,2017,stitch,format,,0.1
year_cooccurrence_rate,2018,stitch,argues,,0.143
year_cooccurrence_rate,2018,stitch,cognitive,,0.286
year_cooccurrence_rate,2018,stitch,skill,,0.143
year_cooccurrence_rate,2018,stitch,human,,0.143
year_cooccurrence_rate,2018,stitch,work,,0.143
year_cooccurrence_rate,2019,stitch,work,,0.125
year_cooccurrence_rate,2026,stitch,work,,0.1
year_cooccurrence_rate,2018,stitch,meaning,,0.143
year_cooccurrence_rate,2018,stitch,graphically,,0.571
year_cooccurrence_rate,2018,stitch,related,,0.286
year_cooccurrence_rate,2018,stitch,element,,0.286
year_cooccurrence_rate,2018,stitch,materiality,,0.143
year_cooccurrence_rate,2018,stitch,frame,,0.143
year_cooccurrence_rate,2018,stitch,jumping,,0.143
year_cooccurrence_rate,2018,stitch,come,,0.143
year_cooccurrence_rate,2018,stitch,cost,,0.143
year_cooccurrence_rate,2018,stitch,load,,0.143
year_cooccurrence_rate,2018,stitch,premise,,0.143
year_cooccurrence_rate,2018,stitch,examining,,0.143
year_cooccurrence_rate,2018,stitch,dialogue,,0.143
year_cooccurrence_rate,2018,stitch,illustrates,,0.143
year_cooccurrence_rate,2018,stitch,affect,,0.143
year_cooccurrence_rate,2018,stitch,recollection,,0.143
year_cooccurrence_rate,2018,stitch,trauma,,0.143
year_cooccurrence_rate,2018,stitch,political,,0.143
year_cooccurrence_rate,2018,stitch,outcry,,0.143
year_cooccurrence_rate,2018,stitch,title,,0.143
year_cooccurrence_rate,2018,stitch,critical,,0.143
year_cooccurrence_rate,2018,stitch,latin,,0.143
year_cooccurrence_rate,2018,stitch,american,,0.143
year_cooccurrence_rate,2018,stitch,death,,0.143
year_cooccurrence_rate,2019,stitch,lively,,0.125
year_cooccurrence_rate,2019,stitch,discussion,,0.125
year_cooccurrence_rate,2019,stitch,provide,,0.125
year_cooccurrence_rate,2019,stitch,space,,0.125
year_cooccurrence_rate,2019,stitch,student,,0.125
year_cooccurrence_rate,2019,stitch,practice,,0.125
year_cooccurrence_rate,2019,stitch,art,,0.125
year_cooccurrence_rate,2019,stitch,allow,,0.125
year_cooccurrence_rate,2019,stitch,offer,,0.125
year_cooccurrence_rate,2019,stitch,storybook,,0.125
year_cooccurrence_rate,2019,stitch,activity,,0.125
year_cooccurrence_rate,2019,stitch,playground,,0.125
year_cooccurrence_rate,2019,stitch,chart,,0.125
year_cooccurrence_rate,2019,stitch,ranked,,0.125
year_cooccurrence_rate,2019,stitch,sale,,0.125
year_cooccurrence_rate,2019,stitch,popularity,,0.125
year_cooccurrence_rate,2019,stitch,lyrical,,0.125
year_cooccurrence_rate,2019,stitch,variation,,0.125
year_cooccurrence_rate,2019,stitch,instead,,0.125
year_cooccurrence_rate,2019,stitch,lyric,,0.125
year_cooccurrence_rate,2019,stitch,selected,,0.125
year_cooccurrence_rate,2019,stitch,song,,0.125
year_cooccurrence_rate,2019,stitch,represent,,0.125
year_cooccurrence_rate,2019,stitch,popular,,0.125
year_cooccurrence_rate,2020,stitch,popular,,0.667
year_cooccurrence_rate,2019,stitch,music,,0.125
year_cooccurrence_rate,2019,stitch,hershey,,0.125
year_cooccurrence_rate,2019,stitch,building,,0.125
year_cooccurrence_rate,2019,stitch,dvt,,0.125
year_cooccurrence_rate,2019,stitch,consists,,0.125
year_cooccurrence_rate,2019,stitch,modifying,,0.125
year_cooccurrence_rate,2019,stitch,six,,0.125
year_cooccurrence_rate,2019,stitch,model,,0.125
year_cooccurrence_rate,2019,stitch,centric,,0.125
year_cooccurrence_rate,2019,stitch,need,,0.125
year_cooccurrence_rate,2019,stitch,humanist,,0.125
year_cooccurrence_rate,2019,stitch,positioned,,0.125
year_cooccurrence_rate,2019,stitch,package,,0.375
year_cooccurrence_rate,2019,stitch,workflow,,0.125
year_cooccurrence_rate,2019,stitch,corpus,,0.125
year_cooccurrence_rate,2019,stitch,textual,,0.125
year_cooccurrence_rate,2026,stitch,textual,,0.1
year_cooccurrence_rate,2019,stitch,involves,,0.125
year_cooccurrence_rate,2001,stitch,involves,,1.0
year_cooccurrence_rate,2019,stitch,interoperable,,0.125
year_cooccurrence_rate,2019,stitch,toolkit,,0.125
year_cooccurrence_rate,2019,stitch,include,,0.125
year_cooccurrence_rate,2020,stitch,entire,,0.333
year_cooccurrence_rate,2020,stitch,episode,,0.333
year_cooccurrence_rate,2020,stitch,scholar,,0.333
year_cooccurrence_rate,2020,stitch,shown,,0.333
year_cooccurrence_rate,2020,stitch,example,,0.333
year_cooccurrence_rate,2020,stitch,scene,,1.0
year_cooccurrence_rate,2020,stitch,different,,0.333
year_cooccurrence_rate,2026,stitch,different,,0.1
year_cooccurrence_rate,2002,stitch,different,,0.333
year_cooccurrence_rate,2020,stitch,play,,1.333
year_cooccurrence_rate,2020,stitch,performance,,0.333
year_cooccurrence_rate,2020,stitch,content,,0.333
year_cooccurrence_rate,2010,stitch,content,,0.333
year_cooccurrence_rate,2020,stitch,change,,0.333
year_cooccurrence_rate,2020,stitch,significantly,,0.333
year_cooccurrence_rate,2020,stitch,depending,,0.333
year_cooccurrence_rate,2020,stitch,catering,,0.333
year_cooccurrence_rate,2020,stitch,audience,,0.333
year_cooccurrence_rate,2020,stitch,drawing,,0.333
year_cooccurrence_rate,2020,stitch,player,,0.333
year_cooccurrence_rate,2020,stitch,felt,,0.333
year_cooccurrence_rate,2020,stitch,free,,0.333
year_cooccurrence_rate,2020,stitch,various,,0.333
year_cooccurrence_rate,2020,stitch,proven,,0.333
year_cooccurrence_rate,2020,stitch,successful,,0.333
year_cooccurrence_rate,2020,stitch,past,,0.333
year_cooccurrence_rate,2020,stitch,tiffany,,0.333
year_cooccurrence_rate,2020,stitch,stern,,0.333
year_cooccurrence_rate,2023,stitch,transience,,0.1
year_cooccurrence_rate,2023,stitch,fragility,,0.1
year_cooccurrence_rate,2023,stitch,unreliability,,0.1
year_cooccurrence_rate,2023,stitch,behind,,0.1
year_cooccurrence_rate,2023,stitch,digitization,,0.1
year_cooccurrence_rate,2023,stitch,whereas,,0.1
year_cooccurrence_rate,2023,stitch,task,,0.1
year_cooccurrence_rate,2023,stitch,historian,,0.1
year_cooccurrence_rate,2023,stitch,archival,,0.1
year_cooccurrence_rate,2023,stitch,document,,0.1
year_cooccurrence_rate,2001,stitch,document,,1.0
year_cooccurrence_rate,2023,stitch,sat,,0.1
year_cooccurrence_rate,2023,stitch,passively,,0.1
year_cooccurrence_rate,2023,stitch,safely,,0.1
year_cooccurrence_rate,2023,stitch,storage,,0.1
year_cooccurrence_rate,2023,stitch,shelf,,0.1
year_cooccurrence_rate,2023,stitch,bug,,0.1
year_cooccurrence_rate,2023,stitch,reveal,,0.1
year_cooccurrence_rate,2026,stitch,code,,0.1
year_cooccurrence_rate,2026,stitch,state,,0.1
year_cooccurrence_rate,2026,stitch,lexical,,0.1
year_cooccurrence_rate,2026,stitch,reference,,0.1
year_cooccurrence_rate,2026,stitch,another,,0.1
year_cooccurrence_rate,2026,stitch,way,,0.1
year_cooccurrence_rate,2026,stitch,progress,,0.1
year_cooccurrence_rate,2026,stitch,complex,,0.1
year_cooccurrence_rate,2026,stitch,relation,,0.1
year_cooccurrence_rate,2026,stitch,representational,,0.1
year_cooccurrence_rate,2026,stitch,mismatch,,0.1
year_cooccurrence_rate,2026,stitch,hence,,0.1
year_cooccurrence_rate,2026,stitch,meta,,0.2
year_cooccurrence_rate,2026,stitch,classifier,,0.2
year_cooccurrence_rate,2026,stitch,replace,,0.1
year_cooccurrence_rate,2026,stitch,blind,,0.1
year_cooccurrence_rate,2026,stitch,spot,,0.1
year_cooccurrence_rate,2026,stitch,classical,,0.1
year_cooccurrence_rate,2026,stitch,learner,,0.1
year_cooccurrence_rate,2026,stitch,random,,0.1
year_cooccurrence_rate,2026,stitch,forest,,0.1
year_cooccurrence_rate,2026,stitch,svm,,0.1
year_cooccurrence_rate,2026,stitch,logistic,,0.1
year_cooccurrence_rate,2026,stitch,regression,,0.1
year_cooccurrence_rate,2026,stitch,situate,,0.1
year_cooccurrence_rate,2026,stitch,broader,,0.1
year_cooccurrence_rate,2026,stitch,literary,,0.1
year_cooccurrence_rate,2026,stitch,context,,0.1
year_cooccurrence_rate,2026,stitch,distant,,0.1
year_cooccurrence_rate,2026,stitch,reading,,0.2
year_cooccurrence_rate,2026,stitch,initially,,0.1
year_cooccurrence_rate,2026,stitch,sought,,0.1
year_cooccurrence_rate,2026,stitch,people,,0.1
year_cooccurrence_rate,2026,stitch,research,,0.1
year_cooccurrence_rate,2026,stitch,without,,0.1
year_cooccurrence_rate,2026,stitch,single,,0.1
year_cooccurrence_rate,2001,stitch,single,,1.0
year_cooccurrence_rate,2026,stitch,direct,,0.1
year_cooccurrence_rate,2026,stitch,moretti,,0.1
year_cooccurrence_rate,2010,stitch,fellowship,,0.333
year_cooccurrence_rate,2010,stitch,going,,0.333
year_cooccurrence_rate,2010,stitch,gtts,,0.333
year_cooccurrence_rate,2010,stitch,layering,,0.333
year_cooccurrence_rate,2010,stitch,electronically,,0.333
year_cooccurrence_rate,2010,stitch,geo,,0.333
year_cooccurrence_rate,2010,stitch,referenced,,0.333
year_cooccurrence_rate,2010,stitch,especially,,0.333
year_cooccurrence_rate,2010,stitch,highly,,0.333
year_cooccurrence_rate,2010,stitch,detailed,,0.333
year_cooccurrence_rate,2010,stitch,study,,0.333
year_cooccurrence_rate,2001,stitch,always,,1.0
year_cooccurrence_rate,2001,stitch,easy,,1.0
year_cooccurrence_rate,2001,stitch,structured,,1.0
year_cooccurrence_rate,2001,stitch,division,,1.0
year_cooccurrence_rate,2001,stitch,present,,1.0
year_cooccurrence_rate,2001,stitch,special,,1.0
year_cooccurrence_rate,2001,stitch,problem,,1.0
year_cooccurrence_rate,2001,stitch,less,,1.0
year_cooccurrence_rate,2001,stitch,obviously,,1.0
year_cooccurrence_rate,2001,stitch,conversion,,1.0
year_cooccurrence_rate,2001,stitch,process,,1.0
year_cooccurrence_rate,2002,stitch,process,,0.333
year_cooccurrence_rate,2001,stitch,often,,1.0
year_cooccurrence_rate,2001,stitch,html,,1.0
year_cooccurrence_rate,2001,stitch,file,,1.0
year_cooccurrence_rate,2001,stitch,tei,,1.0
year_cooccurrence_rate,2001,stitch,easier,,1.0
year_cooccurrence_rate,2002,stitch,seamless,,0.333
year_cooccurrence_rate,2002,stitch,rejoining,,0.333
year_cooccurrence_rate,2002,stitch,called,,0.333
year_cooccurrence_rate,2002,stitch,mosaicing,,0.333
year_cooccurrence_rate,2002,stitch,region,,0.333
year_cooccurrence_rate,2002,stitch,digitized,,0.333
year_cooccurrence_rate,2002,stitch,separately,,0.333
year_cooccurrence_rate,2002,stitch,tendency,,0.333
year_cooccurrence_rate,2002,stitch,abandon,,0.333
year_cooccurrence_rate,2002,stitch,material,,0.333
year_cooccurrence_rate,2002,stitch,transcendental,,0.333
year_cooccurrence_rate,2002,stitch,deconstruction,,0.333
year_cooccurrence_rate,2002,stitch,claim,,0.333
year_cooccurrence_rate,2002,stitch,virtuality,,0.333
year_cooccurrence_rate,2002,stitch,hayles,,0.333
year_cooccurrence_rate,2002,stitch,seems,,0.333
year_cooccurrence_rate,2002,stitch,equally,,0.333
year_cooccurrence_rate,2002,stitch,information,,0.667
year_cooccurrence_rate,2002,stitch,derrida,,0.333
year_cooccurrence_rate,2002,stitch,notion,,0.333
year_cooccurrence_rate,2002,stitch,economy,,0.333
year_cooccurrence_rate,2002,stitch,supplementarity,,0.333
year_cooccurrence_rate,2002,stitch,invokes,,0.333
year_cooccurrence_rate,2002,stitch,matter,,0.333
year_cooccurrence_rate,2002,stitch,dichotomy,,0.333
year_cooccurrence_rate,2002,stitch,confesses,,0.333
year_cooccurrence_rate,2002,stitch,stake,,0.333
year_cooccurrence_rate,2013,thread,differential,,0.125
year_cooccurrence_rate,2013,thread,temporality,,0.125
year_cooccurrence_rate,2013,thread,longer,,0.125
year_cooccurrence_rate,2013,thread,ignored,,0.125
year_cooccurrence_rate,2013,thread,multispecies,,0.125
year_cooccurrence_rate,2013,thread,time,,0.125
year_cooccurrence_rate,2013,thread,fungal,,0.125
year_cooccurrence_rate,2013,thread,clock,,0.125
year_cooccurrence_rate,2013,thread,paper,,0.125
year_cooccurrence_rate,2013,thread,offer,,0.125
year_cooccurrence_rate,2013,thread,speculative,,0.125
year_cooccurrence_rate,2013,thread,methodology,,0.125
year_cooccurrence_rate,2013,thread,diagrammatic,,0.125
year_cooccurrence_rate,2013,thread,representation,,0.125
year_cooccurrence_rate,2019,thread,representation,,0.125
year_cooccurrence_rate,2013,thread,present,,0.125
year_cooccurrence_rate,2018,thread,present,,0.143
year_cooccurrence_rate,2021,thread,present,,0.2
year_cooccurrence_rate,2013,thread,experimental,,0.125
year_cooccurrence_rate,2013,thread,web,,0.125
year_cooccurrence_rate,2013,thread,hieroglyph,,0.125
year_cooccurrence_rate,2013,thread,potentially,,0.125
year_cooccurrence_rate,2013,thread,creating,,0.125
year_cooccurrence_rate,2013,thread,opportunity,,0.125
year_cooccurrence_rate,2009,thread,opportunity,,0.167
year_cooccurrence_rate,2013,thread,writer,,0.125
year_cooccurrence_rate,2013,thread,researcher,,0.125
year_cooccurrence_rate,2012,thread,researcher,,0.25
year_cooccurrence_rate,2013,thread,create,,0.125
year_cooccurrence_rate,2013,thread,technological,,0.125
year_cooccurrence_rate,2018,thread,technological,,0.143
year_cooccurrence_rate,2013,thread,narrative,,0.125
year_cooccurrence_rate,2021,thread,narrative,,0.2
year_cooccurrence_rate,2013,thread,bridge,,0.125
year_cooccurrence_rate,2018,thread,bridge,,0.143
year_cooccurrence_rate,2021,thread,bridge,,0.2
year_cooccurrence_rate,2013,thread,multiple,,0.125
year_cooccurrence_rate,2013,thread,story,,0.125
year_cooccurrence_rate,2025,thread,story,,0.059
year_cooccurrence_rate,2009,thread,story,,0.167
year_cooccurrence_rate,2023,thread,story,,0.1
year_cooccurrence_rate,2013,thread,final,,0.125
year_cooccurrence_rate,2022,thread,final,,0.077
year_cooccurrence_rate,2013,thread,anthology,,0.125
year_cooccurrence_rate,2013,thread,finally,,0.125
year_cooccurrence_rate,2013,thread,reader,,0.125
year_cooccurrence_rate,2019,thread,reader,,0.125
year_cooccurrence_rate,2023,thread,reader,,0.1
year_cooccurrence_rate,2000,thread,reader,,0.5
year_cooccurrence_rate,2013,thread,broader,,0.125
year_cooccurrence_rate,2013,thread,fan,,0.125
year_cooccurrence_rate,2014,thread,build,,0.111
year_cooccurrence_rate,2014,thread,texture,,0.111
year_cooccurrence_rate,2014,thread,text,,0.111
year_cooccurrence_rate,2009,thread,text,,0.333
year_cooccurrence_rate,2017,thread,text,,0.1
year_cooccurrence_rate,2018,thread,text,,0.286
year_cooccurrence_rate,2019,thread,text,,0.375
year_cooccurrence_rate,2021,thread,text,,0.4
year_cooccurrence_rate,2022,thread,text,,0.154
year_cooccurrence_rate,2000,thread,text,,0.5
year_cooccurrence_rate,2014,thread,lexical,,0.111
year_cooccurrence_rate,2014,thread,cohesion,,0.111
year_cooccurrence_rate,2014,thread,creates,,0.111
year_cooccurrence_rate,2016,thread,creates,,0.125
year_cooccurrence_rate,2014,thread,language,,0.222
year_cooccurrence_rate,2014,thread,choice,,0.111
year_cooccurrence_rate,2014,thread,manipulates,,0.111
year_cooccurrence_rate,2014,thread,finite,,0.111
year_cooccurrence_rate,2014,thread,nature,,0.111
year_cooccurrence_rate,2014,thread,semiotic,,0.111
year_cooccurrence_rate,2014,thread,system,,0.111
year_cooccurrence_rate,2015,thread,system,,0.1
year_cooccurrence_rate,2026,thread,system,,0.1
year_cooccurrence_rate,2000,thread,system,,0.5
year_cooccurrence_rate,2025,thread,important,,0.059
year_cooccurrence_rate,2025,thread,enough,,0.059
year_cooccurrence_rate,2009,thread,enough,,0.167
year_cooccurrence_rate,1999,thread,enough,,0.333
year_cooccurrence_rate,2025,thread,men,,0.059
year_cooccurrence_rate,2025,thread,write,,0.059
year_cooccurrence_rate,2025,thread,ink,,0.059
year_cooccurrence_rate,2025,thread,take,,0.059
year_cooccurrence_rate,2021,thread,take,,0.2
year_cooccurrence_rate,2025,thread,needle,,0.059
year_cooccurrence_rate,2025,thread,sewing,,0.059
year_cooccurrence_rate,2025,thread,quilt,,0.059
year_cooccurrence_rate,2025,thread,daughter,,0.059
year_cooccurrence_rate,2025,thread,son,,0.059
year_cooccurrence_rate,2025,thread,telling,,0.059
year_cooccurrence_rate,2009,thread,telling,,0.167
year_cooccurrence_rate,2025,thread,embroidery,,0.059
year_cooccurrence_rate,2012,thread,end,,0.25
year_cooccurrence_rate,2012,thread,day,,0.25
year_cooccurrence_rate,2012,thread,case,,0.25
year_cooccurrence_rate,2012,thread,team,,0.25
year_cooccurrence_rate,2012,thread,development,,0.25
year_cooccurrence_rate,2012,thread,running,,0.25
year_cooccurrence_rate,2010,thread,running,,0.333
year_cooccurrence_rate,2012,thread,parallel,,0.25
year_cooccurrence_rate,2000,thread,parallel,,0.5
year_cooccurrence_rate,2012,thread,group,,0.25
year_cooccurrence_rate,2012,thread,working,,0.25
year_cooccurrence_rate,2022,thread,working,,0.077
year_cooccurrence_rate,2012,thread,general,,0.25
year_cooccurrence_rate,2012,thread,solution,,0.25
year_cooccurrence_rate,2012,thread,another,,0.25
year_cooccurrence_rate,2015,thread,another,,0.1
year_cooccurrence_rate,2012,thread,negotiation,,0.25
year_cooccurrence_rate,2012,thread,speaker,,0.25
year_cooccurrence_rate,2012,thread,mandatorily,,0.25
year_cooccurrence_rate,2012,thread,addressed,,0.25
year_cooccurrence_rate,2012,thread,research,,0.25
year_cooccurrence_rate,2009,thread,research,,0.167
year_cooccurrence_rate,2012,thread,agreement,,0.25
year_cooccurrence_rate,2012,thread,funding,,0.25
year_cooccurrence_rate,2012,thread,proposal,,0.25
year_cooccurrence_rate,2012,thread,documentation,,0.25
year_cooccurrence_rate,2012,thread,project,,0.25
year_cooccurrence_rate,2012,thread,conception,,0.25
year_cooccurrence_rate,2012,thread,yamada,,0.25
year_cooccurrence_rate,2012,thread,czaykowska,,0.25
year_cooccurrence_rate,2012,thread,higgins,,0.25
year_cooccurrence_rate,2009,thread,setting,,0.167
year_cooccurrence_rate,2009,thread,think,,0.167
year_cooccurrence_rate,2009,thread,significant,,0.167
year_cooccurrence_rate,2009,thread,exists,,0.167
year_cooccurrence_rate,2009,thread,construe,,0.167
year_cooccurrence_rate,2009,thread,virtual,,0.167
year_cooccurrence_rate,2009,thread,world,,0.667
year_cooccurrence_rate,2009,thread,inside,,0.167
year_cooccurrence_rate,2009,thread,real,,0.333
year_cooccurrence_rate,2009,thread,supplement,,0.167
year_cooccurrence_rate,2009,thread,interesting,,0.167
year_cooccurrence_rate,2009,thread,way,,0.167
year_cooccurrence_rate,2000,thread,way,,0.5
year_cooccurrence_rate,2007,thread,way,,0.333
year_cooccurrence_rate,2009,thread,architecture,,0.167
year_cooccurrence_rate,2009,thread,often,,0.167
year_cooccurrence_rate,2016,thread,often,,0.125
year_cooccurrence_rate,2009,thread,memorizing,,0.167
year_cooccurrence_rate,2009,thread,fact,,0.167
year_cooccurrence_rate,2009,thread,potential,,0.167
year_cooccurrence_rate,2009,thread,emergence,,0.167
year_cooccurrence_rate,2009,thread,work,,0.167
year_cooccurrence_rate,2019,thread,work,,0.125
year_cooccurrence_rate,2007,thread,work,,0.667
year_cooccurrence_rate,2009,thread,currently,,0.167
year_cooccurrence_rate,2009,thread,developing,,0.167
year_cooccurrence_rate,2009,thread,modelling,,0.167
year_cooccurrence_rate,2009,thread,compositing,,0.167
year_cooccurrence_rate,2009,thread,facilitate,,0.167
year_cooccurrence_rate,2009,thread,pattern,,0.167
year_cooccurrence_rate,2018,thread,pattern,,0.143
year_cooccurrence_rate,2021,thread,pattern,,0.2
year_cooccurrence_rate,2009,thread,finding,,0.167
year_cooccurrence_rate,2009,thread,corpus,,0.167
year_cooccurrence_rate,2009,thread,large,,0.167
year_cooccurrence_rate,2009,thread,loosen,,0.167
year_cooccurrence_rate,2009,thread,tie,,0.167
year_cooccurrence_rate,2009,thread,together,,0.167
year_cooccurrence_rate,2015,thread,together,,0.1
year_cooccurrence_rate,2018,thread,together,,0.429
year_cooccurrence_rate,2021,thread,together,,0.4
year_cooccurrence_rate,2022,thread,together,,0.077
year_cooccurrence_rate,1999,thread,together,,0.333
year_cooccurrence_rate,2009,thread,original,,0.167
year_cooccurrence_rate,2009,thread,question,,0.167
year_cooccurrence_rate,2009,thread,asked,,0.167
year_cooccurrence_rate,2009,thread,analytics,,0.167
year_cooccurrence_rate,2009,thread,monk,,0.167
year_cooccurrence_rate,2009,thread,pure,,0.167
year_cooccurrence_rate,2009,thread,consciousness,,0.333
year_cooccurrence_rate,2009,thread,place,,0.167
year_cooccurrence_rate,2009,thread,posthuman,,0.167
year_cooccurrence_rate,2009,thread,author,,0.167
year_cooccurrence_rate,2022,thread,author,,0.077
year_cooccurrence_rate,2009,thread,weave,,0.167
year_cooccurrence_rate,2018,thread,weave,,0.143
year_cooccurrence_rate,2021,thread,weave,,0.2
year_cooccurrence_rate,2022,thread,weave,,0.077
year_cooccurrence_rate,2009,thread,really,,0.167
year_cooccurrence_rate,2009,thread,compromise,,0.167
year_cooccurrence_rate,2009,thread,half,,0.167
year_cooccurrence_rate,2009,thread,analyzing,,0.167
year_cooccurrence_rate,2003,thread,analyzing,,0.5
year_cooccurrence_rate,2009,thread,theory,,0.167
year_cooccurrence_rate,2015,thread,move,,0.1
year_cooccurrence_rate,2015,thread,mouse,,0.1
year_cooccurrence_rate,2015,thread,away,,0.1
year_cooccurrence_rate,2015,thread,quotation,,0.2
year_cooccurrence_rate,2015,thread,result,,0.1
year_cooccurrence_rate,2015,thread,juxtaposition,,0.1
year_cooccurrence_rate,2015,thread,argumentative,,0.2
year_cooccurrence_rate,2003,thread,argumentative,,0.5
year_cooccurrence_rate,2015,thread,analyzes,,0.1
year_cooccurrence_rate,2015,thread,meaning,,0.1
year_cooccurrence_rate,2015,thread,key,,0.1
year_cooccurrence_rate,2015,thread,term,,0.1
year_cooccurrence_rate,2015,thread,reveals,,0.1
year_cooccurrence_rate,2015,thread,context,,0.2
year_cooccurrence_rate,2015,thread,digital,,0.1
year_cooccurrence_rate,2017,thread,digital,,0.2
year_cooccurrence_rate,2019,thread,digital,,0.25
year_cooccurrence_rate,2022,thread,digital,,0.077
year_cooccurrence_rate,2015,thread,essay,,0.1
year_cooccurrence_rate,2003,thread,essay,,0.5
year_cooccurrence_rate,2015,thread,asks,,0.1
year_cooccurrence_rate,2015,thread,user,,0.1
year_cooccurrence_rate,2015,thread,stitch,,0.1
year_cooccurrence_rate,2015,thread,fragment,,0.1
year_cooccurrence_rate,2015,thread,interrupted,,0.1
year_cooccurrence_rate,2015,thread,hidden,,0.1
year_cooccurrence_rate,2015,thread,stripped,,0.1
year_cooccurrence_rate,2015,thread,word,,0.1
year_cooccurrence_rate,2010,thread,word,,0.333
year_cooccurrence_rate,2015,thread,frequency,,0.1
year_cooccurrence_rate,2015,thread,conduct,,0.1
year_cooccurrence_rate,2015,thread,given,,0.1
year_cooccurrence_rate,2015,thread,social,,0.1
year_cooccurrence_rate,2007,thread,social,,0.333
year_cooccurrence_rate,2015,thread,shall,,0.1
year_cooccurrence_rate,2015,thread,endeavour,,0.1
year_cooccurrence_rate,2015,thread,discover,,0.1
year_cooccurrence_rate,2015,thread,follow,,0.1
year_cooccurrence_rate,2022,thread,follow,,0.077
year_cooccurrence_rate,2015,thread,connection,,0.1
year_cooccurrence_rate,2016,thread,connection,,0.125
year_cooccurrence_rate,2015,thread,lead,,0.1
year_cooccurrence_rate,2015,thread,mathematically,,0.1
year_cooccurrence_rate,2015,thread,man,,0.1
year_cooccurrence_rate,2015,thread,zola,,0.1
year_cooccurrence_rate,2016,thread,series,,0.125
year_cooccurrence_rate,2016,thread,primitive,,0.125
year_cooccurrence_rate,2016,thread,hyperlink,,0.25
year_cooccurrence_rate,2016,thread,analogue,,0.125
year_cooccurrence_rate,2016,thread,cope,,0.125
year_cooccurrence_rate,2016,thread,phillips,,0.125
year_cooccurrence_rate,2016,thread,throughout,,0.125
year_cooccurrence_rate,2016,thread,ulysses,,0.125
year_cooccurrence_rate,2016,thread,critic,,0.125
year_cooccurrence_rate,2016,thread,invoked,,0.125
year_cooccurrence_rate,2016,thread,hypertext,,0.125
year_cooccurrence_rate,2000,thread,hypertext,,0.5
year_cooccurrence_rate,2016,thread,explain,,0.125
year_cooccurrence_rate,2016,thread,myriad,,0.125
year_cooccurrence_rate,2016,thread,established,,0.125
year_cooccurrence_rate,2022,thread,established,,0.077
year_cooccurrence_rate,2016,thread,joyce,,0.125
year_cooccurrence_rate,2017,thread,set,,0.1
year_cooccurrence_rate,2017,thread,best,,0.1
year_cooccurrence_rate,2017,thread,practice,,0.1
year_cooccurrence_rate,2017,thread,method,,0.1
year_cooccurrence_rate,2017,thread,core,,0.1
year_cooccurrence_rate,2017,thread,approach,,0.1
year_cooccurrence_rate,2017,thread,allowing,,0.1
year_cooccurrence_rate,2017,thread,student,,0.2
year_cooccurrence_rate,2017,thread,imagined,,0.1
year_cooccurrence_rate,2017,thread,space,,0.2
year_cooccurrence_rate,2010,thread,space,,0.333
year_cooccurrence_rate,2017,thread,daily,,0.1
year_cooccurrence_rate,2017,thread,life,,0.1
year_cooccurrence_rate,2010,thread,life,,0.333
year_cooccurrence_rate,2018,thread,termed,,0.143
year_cooccurrence_rate,2018,thread,phonotextual,,0.143
year_cooccurrence_rate,2018,thread,braid,,0.143
year_cooccurrence_rate,2018,thread,weaving,,0.143
year_cooccurrence_rate,2018,thread,timbre,,0.286
year_cooccurrence_rate,2018,thread,technology,,0.143
year_cooccurrence_rate,2018,thread,app,,0.143
year_cooccurrence_rate,2018,thread,twine,,0.143
year_cooccurrence_rate,2018,thread,sight,,0.143
year_cooccurrence_rate,2018,thread,sound,,0.143
year_cooccurrence_rate,2018,thread,elucidates,,0.143
year_cooccurrence_rate,2018,thread,creation,,0.143
year_cooccurrence_rate,2021,thread,creation,,0.2
year_cooccurrence_rate,2018,thread,rug,,0.143
year_cooccurrence_rate,2021,thread,rug,,0.2
year_cooccurrence_rate,2018,thread,warp,,0.143
year_cooccurrence_rate,2021,thread,warp,,0.4
year_cooccurrence_rate,2018,thread,weft,,0.143
year_cooccurrence_rate,2021,thread,weft,,0.2
year_cooccurrence_rate,2018,thread,unites,,0.143
year_cooccurrence_rate,2021,thread,unites,,0.2
year_cooccurrence_rate,2018,thread,past,,0.143
year_cooccurrence_rate,2021,thread,past,,0.2
year_cooccurrence_rate,2018,thread,mitla,,0.143
year_cooccurrence_rate,2021,thread,mitla,,0.2
year_cooccurrence_rate,2018,thread,frieze,,0.143
year_cooccurrence_rate,2021,thread,frieze,,0.2
year_cooccurrence_rate,2019,thread,data,,0.125
year_cooccurrence_rate,2019,thread,visualization,,0.125
year_cooccurrence_rate,2019,thread,provisional,,0.125
year_cooccurrence_rate,2019,thread,list,,0.125
year_cooccurrence_rate,2019,thread,piece,,0.125
year_cooccurrence_rate,2007,thread,piece,,0.333
year_cooccurrence_rate,2019,thread,experience,,0.125
year_cooccurrence_rate,2019,thread,known,,0.125
year_cooccurrence_rate,2019,thread,philosophy,,0.125
year_cooccurrence_rate,2019,thread,citation,,0.125
year_cooccurrence_rate,2019,thread,network,,0.125
year_cooccurrence_rate,2010,thread,network,,0.333
year_cooccurrence_rate,2019,thread,reference,,0.125
year_cooccurrence_rate,2019,thread,woven,,0.125
year_cooccurrence_rate,2019,thread,loom,,0.125
year_cooccurrence_rate,2022,thread,loom,,0.077
year_cooccurrence_rate,2019,thread,interact,,0.125
year_cooccurrence_rate,2019,thread,physical,,0.125
year_cooccurrence_rate,2019,thread,manifestation,,0.125
year_cooccurrence_rate,2019,thread,literary,,0.25
year_cooccurrence_rate,2019,thread,image,,0.25
year_cooccurrence_rate,2019,thread,kinetic,,0.125
year_cooccurrence_rate,2019,thread,video,,0.125
year_cooccurrence_rate,2019,thread,graphic,,0.125
year_cooccurrence_rate,2019,thread,design,,0.125
year_cooccurrence_rate,2019,thread,acoustic,,0.125
year_cooccurrence_rate,2019,thread,either,,0.125
year_cooccurrence_rate,2019,thread,component,,0.125
year_cooccurrence_rate,2019,thread,reinforce,,0.125
year_cooccurrence_rate,2019,thread,make,,0.125
year_cooccurrence_rate,2021,thread,task,,0.2
year_cooccurrence_rate,2022,thread,task,,0.077
year_cooccurrence_rate,2021,thread,willing,,0.2
year_cooccurrence_rate,2021,thread,like,,0.2
year_cooccurrence_rate,2022,thread,like,,0.077
year_cooccurrence_rate,2023,thread,like,,0.1
year_cooccurrence_rate,2021,thread,dedicate,,0.2
year_cooccurrence_rate,2021,thread,little,,0.2
year_cooccurrence_rate,2021,thread,immense,,0.2
year_cooccurrence_rate,2021,thread,tapestry,,0.2
year_cooccurrence_rate,2021,thread,scholarship,,0.2
year_cooccurrence_rate,2021,thread,brings,,0.2
year_cooccurrence_rate,2021,thread,people,,0.2
year_cooccurrence_rate,2022,thread,people,,0.077
year_cooccurrence_rate,2010,thread,people,,0.333
year_cooccurrence_rate,2021,thread,continent,,0.2
year_cooccurrence_rate,2021,thread,lesson,,0.2
year_cooccurrence_rate,2021,thread,deconstruction,,0.2
year_cooccurrence_rate,2021,thread,post,,0.2
year_cooccurrence_rate,2021,thread,structuralist,,0.2
year_cooccurrence_rate,2021,thread,narratology,,0.2
year_cooccurrence_rate,2021,thread,attempt,,0.2
year_cooccurrence_rate,2021,thread,grab,,0.2
year_cooccurrence_rate,2021,thread,single,,0.2
year_cooccurrence_rate,2021,thread,tug,,0.2
year_cooccurrence_rate,2021,thread,entire,,0.2
year_cooccurrence_rate,2021,thread,woof,,0.2
year_cooccurrence_rate,2021,thread,intertextuality,,0.2
year_cooccurrence_rate,2021,thread,delimiting,,0.2
year_cooccurrence_rate,2022,thread,collective,,0.077
year_cooccurrence_rate,2010,thread,collective,,0.333
year_cooccurrence_rate,2022,thread,awareness,,0.077
year_cooccurrence_rate,2022,thread,mediating,,0.077
year_cooccurrence_rate,2022,thread,apparatus,,0.077
year_cooccurrence_rate,2022,thread,without,,0.077
year_cooccurrence_rate,2022,thread,assuming,,0.077
year_cooccurrence_rate,2022,thread,consensus,,0.077
year_cooccurrence_rate,2022,thread,among,,0.077
year_cooccurrence_rate,2003,thread,among,,0.5
year_cooccurrence_rate,2022,thread,involved,,0.077
year_cooccurrence_rate,2022,thread,around,,0.077
year_cooccurrence_rate,2022,thread,canadian,,0.077
year_cooccurrence_rate,2022,thread,precarious,,0.077
year_cooccurrence_rate,2022,thread,condition,,0.077
year_cooccurrence_rate,2022,thread,employed,,0.077
year_cooccurrence_rate,2022,thread,computer,,0.077
year_cooccurrence_rate,2023,thread,computer,,0.1
year_cooccurrence_rate,2022,thread,aided,,0.077
year_cooccurrence_rate,2022,thread,collation,,0.154
year_cooccurrence_rate,2022,thread,power,,0.077
year_cooccurrence_rate,2022,thread,inevitably,,0.077
year_cooccurrence_rate,2022,thread,tangle,,0.077
year_cooccurrence_rate,2022,thread,caught,,0.077
year_cooccurrence_rate,2022,thread,machinery,,0.077
year_cooccurrence_rate,2022,thread,automating,,0.077
year_cooccurrence_rate,2022,thread,tedious,,0.077
year_cooccurrence_rate,2022,thread,process,,0.077
year_cooccurrence_rate,2003,thread,process,,0.5
year_cooccurrence_rate,2022,thread,magnifies,,0.077
year_cooccurrence_rate,2022,thread,complexity,,0.077
year_cooccurrence_rate,2022,thread,error,,0.077
year_cooccurrence_rate,2022,thread,correction,,0.077
year_cooccurrence_rate,2022,thread,calling,,0.077
year_cooccurrence_rate,2022,thread,drafting,,0.077
year_cooccurrence_rate,2003,thread,drafting,,0.5
year_cooccurrence_rate,2022,thread,revision,,0.077
year_cooccurrence_rate,2022,thread,source,,0.077
year_cooccurrence_rate,2022,thread,include,,0.077
year_cooccurrence_rate,2022,thread,edition,,0.308
year_cooccurrence_rate,2022,thread,pennsylvania,,0.077
year_cooccurrence_rate,2022,thread,electronic,,0.077
year_cooccurrence_rate,2000,thread,electronic,,0.5
year_cooccurrence_rate,2022,thread,insertion,,0.077
year_cooccurrence_rate,2022,thread,point,,0.077
year_cooccurrence_rate,2022,thread,prepare,,0.077
year_cooccurrence_rate,2022,thread,continuous,,0.154
year_cooccurrence_rate,2022,thread,sequence,,0.154
year_cooccurrence_rate,2022,thread,compare,,0.154
year_cooccurrence_rate,2022,thread,thread,,0.154
year_cooccurrence_rate,2007,thread,thread,,0.667
year_cooccurrence_rate,2022,thread,four,,0.154
year_cooccurrence_rate,2022,thread,resequencing,,0.154
year_cooccurrence_rate,2022,thread,meant,,0.077
year_cooccurrence_rate,2022,thread,following,,0.077
year_cooccurrence_rate,2026,thread,following,,0.1
year_cooccurrence_rate,2003,thread,following,,0.5
year_cooccurrence_rate,2022,thread,clearly,,0.077
year_cooccurrence_rate,2022,thread,signaled,,0.077
year_cooccurrence_rate,2022,thread,trail,,0.077
year_cooccurrence_rate,2022,thread,perhaps,,0.077
year_cooccurrence_rate,2022,thread,need,,0.077
year_cooccurrence_rate,2022,thread,able,,0.077
year_cooccurrence_rate,2022,thread,complex,,0.077
year_cooccurrence_rate,2000,thread,complex,,0.5
year_cooccurrence_rate,2022,thread,algorithm,,0.077
year_cooccurrence_rate,2022,thread,backwards,,0.077
year_cooccurrence_rate,2022,thread,machine,,0.077
year_cooccurrence_rate,2023,thread,surface,,0.1
year_cooccurrence_rate,2023,thread,structure,,0.1
year_cooccurrence_rate,2003,thread,structure,,0.5
year_cooccurrence_rate,2023,thread,horse,,0.1
year_cooccurrence_rate,2023,thread,help,,0.1
year_cooccurrence_rate,2023,thread,lose,,0.1
year_cooccurrence_rate,2023,thread,golden,,0.1
year_cooccurrence_rate,2023,thread,give,,0.1
year_cooccurrence_rate,2023,thread,indication,,0.1
year_cooccurrence_rate,2023,thread,fill,,0.1
year_cooccurrence_rate,2023,thread,gap,,0.1
year_cooccurrence_rate,2023,thread,lexicon,,0.1
year_cooccurrence_rate,2023,thread,since,,0.1
year_cooccurrence_rate,2007,thread,since,,0.667
year_cooccurrence_rate,2023,thread,rhetoric,,0.1
year_cooccurrence_rate,2023,thread,depth,,0.1
year_cooccurrence_rate,2023,thread,course,,0.1
year_cooccurrence_rate,2007,thread,course,,0.333
year_cooccurrence_rate,2023,thread,whole,,0.1
year_cooccurrence_rate,2023,thread,ariadne,,0.2
year_cooccurrence_rate,2023,thread,diagrammatologically,,0.1
year_cooccurrence_rate,2023,thread,reconstructible,,0.1
year_cooccurrence_rate,2023,thread,cognitive,,0.1
year_cooccurrence_rate,2023,thread,procedure,,0.1
year_cooccurrence_rate,2023,thread,subsequently,,0.1
year_cooccurrence_rate,2023,thread,run,,0.1
year_cooccurrence_rate,2023,thread,history,,0.2
year_cooccurrence_rate,2023,thread,western,,0.1
year_cooccurrence_rate,2023,thread,episteme,,0.1
year_cooccurrence_rate,2023,thread,spatial,,0.1
year_cooccurrence_rate,2023,thread,dimensional,,0.1
year_cooccurrence_rate,2023,thread,skin,,0.1
year_cooccurrence_rate,2023,thread,tattoo,,0.1
year_cooccurrence_rate,2023,thread,picture,,0.1
year_cooccurrence_rate,2023,thread,writing,,0.1
year_cooccurrence_rate,2023,thread,table,,0.1
year_cooccurrence_rate,2023,thread,graph,,0.1
year_cooccurrence_rate,2023,thread,map,,0.1
year_cooccurrence_rate,2023,thread,screen,,0.1
year_cooccurrence_rate,2023,thread,smartphones,,0.1
year_cooccurrence_rate,2023,thread,cultural,,0.1
year_cooccurrence_rate,2023,thread,technique,,0.1
year_cooccurrence_rate,2023,thread,flattening,,0.1
year_cooccurrence_rate,2023,thread,extends,,0.1
year_cooccurrence_rate,2023,thread,civilization,,0.1
year_cooccurrence_rate,2023,thread,empirically,,0.1
year_cooccurrence_rate,2026,thread,layer,,0.1
year_cooccurrence_rate,2026,thread,accumulated,,0.1
year_cooccurrence_rate,2026,thread,operating,,0.1
year_cooccurrence_rate,2026,thread,shared,,0.1
year_cooccurrence_rate,2026,thread,library,,0.1
year_cooccurrence_rate,2026,thread,software,,0.2
year_cooccurrence_rate,2026,thread,package,,0.1
year_cooccurrence_rate,2026,thread,rather,,0.1
year_cooccurrence_rate,2026,thread,every,,0.1
year_cooccurrence_rate,2010,thread,every,,0.333
year_cooccurrence_rate,2026,thread,codified,,0.1
year_cooccurrence_rate,2026,thread,unravelling,,0.1
year_cooccurrence_rate,2026,thread,layered,,0.1
year_cooccurrence_rate,2026,thread,sweater,,0.1
year_cooccurrence_rate,2026,thread,focus,,0.1
year_cooccurrence_rate,2026,thread,bespoke,,0.1
year_cooccurrence_rate,2026,thread,code,,0.1
year_cooccurrence_rate,2026,thread,associated,,0.1
year_cooccurrence_rate,2010,thread,raqs,,0.333
year_cooccurrence_rate,2010,thread,medium,,0.333
year_cooccurrence_rate,2010,thread,node,,0.333
year_cooccurrence_rate,2010,thread,communication,,0.333
year_cooccurrence_rate,2010,thread,reinforced,,0.333
year_cooccurrence_rate,2010,thread,repetition,,0.333
year_cooccurrence_rate,2010,thread,utterance,,0.333
year_cooccurrence_rate,2010,thread,different,,0.333
year_cooccurrence_rate,2010,thread,try,,0.333
year_cooccurrence_rate,2010,thread,understand,,0.333
year_cooccurrence_rate,2010,thread,interconnected,,0.333
year_cooccurrence_rate,2010,thread,facet,,0.333
year_cooccurrence_rate,2010,thread,expressed,,0.333
year_cooccurrence_rate,2010,thread,village,,0.333
year_cooccurrence_rate,2010,thread,landscape,,0.667
year_cooccurrence_rate,2010,thread,common,,0.333
year_cooccurrence_rate,2010,thread,ethnography,,0.333
year_cooccurrence_rate,2010,thread,idea,,0.333
year_cooccurrence_rate,1999,thread,idea,,0.333
year_cooccurrence_rate,2010,thread,hold,,0.333
year_cooccurrence_rate,2010,thread,moral,,0.333
year_cooccurrence_rate,2010,thread,value,,0.333
year_cooccurrence_rate,2000,thread,note,,0.5
year_cooccurrence_rate,2000,thread,contextual,,0.5
year_cooccurrence_rate,2000,thread,material,,0.5
year_cooccurrence_rate,2007,thread,material,,0.333
year_cooccurrence_rate,2000,thread,navigational,,0.5
year_cooccurrence_rate,2000,thread,environment,,0.5
year_cooccurrence_rate,2000,thread,shillingsburg,,0.5
year_cooccurrence_rate,2000,thread,preparing,,0.5
year_cooccurrence_rate,2000,thread,lyrical,,0.5
year_cooccurrence_rate,2000,thread,ballad,,0.5
year_cooccurrence_rate,2003,thread,microscopic,,0.5
year_cooccurrence_rate,2003,thread,level,,0.5
year_cooccurrence_rate,2003,thread,assignment,,0.5
year_cooccurrence_rate,2003,thread,dtds,,0.5
year_cooccurrence_rate,2003,thread,display,,0.5
year_cooccurrence_rate,2003,thread,demonstrated,,0.5
year_cooccurrence_rate,2003,thread,establishing,,0.5
year_cooccurrence_rate,2003,thread,evaluating,,0.5
year_cooccurrence_rate,2003,thread,ethos,,0.5
year_cooccurrence_rate,2003,thread,cultivating,,0.5
year_cooccurrence_rate,2003,thread,style,,0.5
year_cooccurrence_rate,2007,thread,style,,0.333
year_cooccurrence_rate,2007,thread,evolves,,0.333
year_cooccurrence_rate,2007,thread,analysis,,0.333
year_cooccurrence_rate,2007,thread,unifying,,0.333
year_cooccurrence_rate,1999,thread,unifying,,0.333
year_cooccurrence_rate,2007,thread,subject,,0.333
year_cooccurrence_rate,2007,thread,default,,0.667
year_cooccurrence_rate,2007,thread,connecting,,1.333
year_cooccurrence_rate,2007,thread,virtue,,0.667
year_cooccurrence_rate,2007,thread,roland,,0.667
year_cooccurrence_rate,2007,thread,name,,0.667
year_cooccurrence_rate,2007,thread,actual,,0.667
year_cooccurrence_rate,2007,thread,recurrent,,0.667
year_cooccurrence_rate,2007,thread,theme,,1.0
year_cooccurrence_rate,2007,thread,imagery,,0.333
year_cooccurrence_rate,2007,thread,ascertain,,0.333
year_cooccurrence_rate,2007,thread,status,,0.333
year_cooccurrence_rate,2007,thread,contrast,,0.333
year_cooccurrence_rate,2007,thread,identify,,0.333
year_cooccurrence_rate,2007,thread,similarity,,0.333
year_cooccurrence_rate,2007,thread,art,,0.333
year_cooccurrence_rate,2007,thread,trace,,0.333
year_cooccurrence_rate,2007,thread,influence,,0.333
year_cooccurrence_rate,2007,thread,artwork,,0.333
year_cooccurrence_rate,2007,thread,artist,,0.333
year_cooccurrence_rate,2007,thread,geo,,0.333
year_cooccurrence_rate,2007,thread,political,,0.333
year_cooccurrence_rate,2007,thread,personal,,0.333
year_cooccurrence_rate,2007,thread,event,,0.333
year_cooccurrence_rate,1999,thread,yet,,0.333
year_cooccurrence_rate,1999,thread,flexible,,0.333
year_cooccurrence_rate,1999,thread,allow,,0.333
year_cooccurrence_rate,1999,thread,tying,,0.333
year_cooccurrence_rate,1999,thread,seemingly,,0.333
year_cooccurrence_rate,1999,thread,disparate,,0.333
year_cooccurrence_rate,1999,thread,element,,0.333
year_cooccurrence_rate,1999,thread,analogy,,0.333
year_cooccurrence_rate,1999,thread,age,,0.333
year_cooccurrence_rate,1999,thread,difference,,0.333
year_cooccurrence_rate,2024,fabric,method,,0.2
year_cooccurrence_rate,2026,fabric,method,,0.1
year_cooccurrence_rate,2024,fabric,frequency,,0.2
year_cooccurrence_rate,2024,fabric,dispersion,,0.2
year_cooccurrence_rate,2024,fabric,collocation,,0.2
year_cooccurrence_rate,2024,fabric,keywords,,0.2
year_cooccurrence_rate,2024,fabric,concordancing,,0.2
year_cooccurrence_rate,2024,fabric,disclose,,0.2
year_cooccurrence_rate,2024,fabric,knowledge,,0.2
year_cooccurrence_rate,2024,fabric,thick,,0.2
year_cooccurrence_rate,2024,fabric,social,,0.2
year_cooccurrence_rate,2024,fabric,medium,,0.2
year_cooccurrence_rate,2024,fabric,data,,0.2
year_cooccurrence_rate,2026,fabric,data,,0.1
year_cooccurrence_rate,2024,fabric,cristofaro,,0.2
year_cooccurrence_rate,2024,fabric,recognizes,,0.2
year_cooccurrence_rate,2024,fabric,need,,0.2
year_cooccurrence_rate,2024,fabric,adapt,,0.2
year_cooccurrence_rate,2024,fabric,expand,,0.2
year_cooccurrence_rate,2024,fabric,traditional,,0.2
year_cooccurrence_rate,2009,fabric,writing,,0.333
year_cooccurrence_rate,2009,fabric,content,,0.333
year_cooccurrence_rate,2009,fabric,enclosed,,0.333
year_cooccurrence_rate,2009,fabric,book,,0.333
year_cooccurrence_rate,2009,fabric,margin,,0.333
year_cooccurrence_rate,2009,fabric,differential,,0.667
year_cooccurrence_rate,2009,fabric,network,,0.333
year_cooccurrence_rate,2016,fabric,network,,0.125
year_cooccurrence_rate,2009,fabric,trace,,0.667
year_cooccurrence_rate,2009,fabric,referring,,0.333
year_cooccurrence_rate,2009,fabric,endlessly,,0.333
year_cooccurrence_rate,2009,fabric,something,,0.333
year_cooccurrence_rate,2009,fabric,particularly,,0.167
year_cooccurrence_rate,2009,fabric,inapplicable,,0.167
year_cooccurrence_rate,2009,fabric,julia,,0.167
year_cooccurrence_rate,2009,fabric,flanders,,0.167
year_cooccurrence_rate,2015,fabric,quantum,,0.1
year_cooccurrence_rate,2015,fabric,physic,,0.1
year_cooccurrence_rate,2015,fabric,greene,,0.1
year_cooccurrence_rate,2015,fabric,take,,0.1
year_cooccurrence_rate,2015,fabric,stage,,0.1
year_cooccurrence_rate,2015,fabric,conceptualize,,0.1
year_cooccurrence_rate,2015,fabric,space,,0.1
year_cooccurrence_rate,2015,fabric,time,,0.1
year_cooccurrence_rate,2015,fabric,woven,,0.2
year_cooccurrence_rate,2015,fabric,string,,0.1
year_cooccurrence_rate,2015,fabric,account,,0.1
year_cooccurrence_rate,2015,fabric,presence,,0.1
year_cooccurrence_rate,2015,fabric,category,,0.1
year_cooccurrence_rate,2016,fabric,thanks,,0.125
year_cooccurrence_rate,2016,fabric,line,,0.125
year_cooccurrence_rate,2016,fabric,representation,,0.25
year_cooccurrence_rate,2016,fabric,continuity,,0.25
year_cooccurrence_rate,2016,fabric,enters,,0.125
year_cooccurrence_rate,2016,fabric,complexity,,0.125
year_cooccurrence_rate,2016,fabric,stitching,,0.125
year_cooccurrence_rate,2016,fabric,together,,0.125
year_cooccurrence_rate,2016,fabric,narrativity,,0.125
year_cooccurrence_rate,2016,fabric,several,,0.125
year_cooccurrence_rate,2016,fabric,sequence,,0.125
year_cooccurrence_rate,2016,fabric,moreover,,0.125
year_cooccurrence_rate,2016,fabric,implies,,0.125
year_cooccurrence_rate,2016,fabric,inherent,,0.125
year_cooccurrence_rate,2016,fabric,relationship,,0.125
year_cooccurrence_rate,2023,fabric,projection,,0.1
year_cooccurrence_rate,2023,fabric,sketch,,0.2
year_cooccurrence_rate,2023,fabric,engine,,0.2
year_cooccurrence_rate,2023,fabric,allows,,0.1
year_cooccurrence_rate,2023,fabric,individual,,0.1
year_cooccurrence_rate,2023,fabric,definition,,0.1
year_cooccurrence_rate,2023,fabric,occurrence,,0.1
year_cooccurrence_rate,2023,fabric,applied,,0.1
year_cooccurrence_rate,2023,fabric,text,,0.1
year_cooccurrence_rate,2026,fabric,text,,0.2
year_cooccurrence_rate,2023,fabric,building,,0.1
year_cooccurrence_rate,2023,fabric,corpus,,0.2
year_cooccurrence_rate,2023,fabric,classical,,0.1
year_cooccurrence_rate,2023,fabric,attic,,0.1
year_cooccurrence_rate,2023,fabric,built,,0.1
year_cooccurrence_rate,2026,fabric,element,,0.1
year_cooccurrence_rate,2026,fabric,reported,,0.1
year_cooccurrence_rate,2026,fabric,speech,,0.1
year_cooccurrence_rate,2026,fabric,action,,0.1
year_cooccurrence_rate,2026,fabric,mood,,0.1
year_cooccurrence_rate,2026,fabric,terminology,,0.1
year_cooccurrence_rate,2026,fabric,close,,0.2
year_cooccurrence_rate,2026,fabric,modelling,,0.2
year_cooccurrence_rate,2026,fabric,discursive,,0.2
year_cooccurrence_rate,2026,fabric,true,,0.1
year_cooccurrence_rate,2026,fabric,power,,0.1
year_cooccurrence_rate,2026,fabric,lie,,0.1
year_cooccurrence_rate,2026,fabric,different,,0.1
year_cooccurrence_rate,2026,fabric,approach,,0.1
year_cooccurrence_rate,2026,fabric,given,,0.1
year_cooccurrence_rate,2026,fabric,nature,,0.1
year_cooccurrence_rate,2026,fabric,existing,,0.1
year_cooccurrence_rate,2026,fabric,debate,,0.1
year_cooccurrence_rate,2026,fabric,attention,,0.1
year_cooccurrence_rate,2026,fabric,source,,0.1
year_cooccurrence_rate,2026,fabric,construction,,0.1
year_cooccurrence_rate,2026,fabric,cannot,,0.1
year_cooccurrence_rate,2026,fabric,simply,,0.1
year_cooccurrence_rate,2026,fabric,left,,0.1
year_cooccurrence_rate,2026,fabric,aside,,0.1
year_cooccurrence_rate,2026,fabric,capturing,,0.1
year_cooccurrence_rate,2026,fabric,series,,0.1
year_cooccurrence_rate,2026,fabric,syntactic,,0.1
year_cooccurrence_rate,2026,fabric,semantic,,0.1
year_cooccurrence_rate,2026,fabric,statement,,0.1
year_cooccurrence_rate,2026,fabric,turn,,0.1
year_cooccurrence_rate,2026,fabric,potential,,0.1
year_cooccurrence_rate,2026,fabric,objection,,0.1
year_cooccurrence_rate,2026,fabric,opportunity,,0.1
year_cooccurrence_rate,2026,fabric,information,,0.1
year_cooccurrence_rate,2026,fabric,positively,,0.1
year_cooccurrence_rate,2026,fabric,conveys,,0.1
year_cooccurrence_rate,2026,fabric,researcher,,0.1
year_cooccurrence_rate,2026,fabric,factor,,0.1
year_cooccurrence_rate,2026,fabric,analysis,,0.1
year_cooccurrence_rate,2025,tapestry,spanish,,0.059
year_cooccurrence_rate,2025,tapestry,spoken,,0.059
year_cooccurrence_rate,2025,tapestry,language,,0.118
year_cooccurrence_rate,2026,tapestry,language,,0.1
year_cooccurrence_rate,2025,tapestry,globally,,0.059
year_cooccurrence_rate,2025,tapestry,million,,0.059
year_cooccurrence_rate,2025,tapestry,speaker,,0.118
year_cooccurrence_rate,2025,tapestry,present,,0.059
year_cooccurrence_rate,2025,tapestry,rich,,0.294
year_cooccurrence_rate,2026,tapestry,rich,,0.2
year_cooccurrence_rate,2025,tapestry,linguistic,,0.235
year_cooccurrence_rate,2026,tapestry,linguistic,,0.1
year_cooccurrence_rate,2025,tapestry,diversity,,0.176
year_cooccurrence_rate,2026,tapestry,diversity,,0.1
year_cooccurrence_rate,2025,tapestry,unfortunately,,0.059
year_cooccurrence_rate,2025,tapestry,fully,,0.059
year_cooccurrence_rate,2025,tapestry,captured,,0.059
year_cooccurrence_rate,2025,tapestry,mainstream,,0.059
year_cooccurrence_rate,2025,tapestry,nlp,,0.059
year_cooccurrence_rate,2025,tapestry,model,,0.118
year_cooccurrence_rate,2022,tapestry,model,,0.077
year_cooccurrence_rate,2025,tapestry,shoumy,,0.059
year_cooccurrence_rate,2025,tapestry,product,,0.059
year_cooccurrence_rate,2025,tapestry,review,,0.059
year_cooccurrence_rate,2025,tapestry,encapsulate,,0.059
year_cooccurrence_rate,2025,tapestry,mere,,0.059
year_cooccurrence_rate,2025,tapestry,textual,,0.059
year_cooccurrence_rate,2025,tapestry,evaluation,,0.059
year_cooccurrence_rate,2025,tapestry,embody,,0.059
year_cooccurrence_rate,2025,tapestry,emotion,,0.059
year_cooccurrence_rate,2025,tapestry,sentiment,,0.059
year_cooccurrence_rate,2025,tapestry,experience,,0.059
year_cooccurrence_rate,2025,tapestry,shared,,0.059
year_cooccurrence_rate,2025,tapestry,customer,,0.059
year_cooccurrence_rate,2025,tapestry,understanding,,0.118
year_cooccurrence_rate,2025,tapestry,nuanced,,0.059
year_cooccurrence_rate,2025,tapestry,expression,,0.118
year_cooccurrence_rate,2025,tapestry,become,,0.118
year_cooccurrence_rate,2025,tapestry,diverse,,0.059
year_cooccurrence_rate,2025,tapestry,array,,0.059
year_cooccurrence_rate,2025,tapestry,emotional,,0.059
year_cooccurrence_rate,2025,tapestry,context,,0.059
year_cooccurrence_rate,2025,tapestry,child,,0.059
year_cooccurrence_rate,2025,tapestry,literature,,0.059
year_cooccurrence_rate,2025,tapestry,spanning,,0.059
year_cooccurrence_rate,2025,tapestry,style,,0.059
year_cooccurrence_rate,2026,tapestry,style,,0.1
year_cooccurrence_rate,2025,tapestry,contextual,,0.059
year_cooccurrence_rate,2025,tapestry,nuance,,0.059
year_cooccurrence_rate,2025,tapestry,following,,0.059
year_cooccurrence_rate,2025,tapestry,rigorous,,0.059
year_cooccurrence_rate,2025,tapestry,training,,0.059
year_cooccurrence_rate,2025,tapestry,regimen,,0.059
year_cooccurrence_rate,2025,tapestry,subjected,,0.059
year_cooccurrence_rate,2025,tapestry,non,,0.059
year_cooccurrence_rate,2025,tapestry,native,,0.059
year_cooccurrence_rate,2025,tapestry,australian,,0.059
year_cooccurrence_rate,2025,tapestry,courtroom,,0.059
year_cooccurrence_rate,2025,tapestry,australia,,0.059
year_cooccurrence_rate,2025,tapestry,multicultural,,0.059
year_cooccurrence_rate,2025,tapestry,nation,,0.059
year_cooccurrence_rate,2025,tapestry,stemming,,0.059
year_cooccurrence_rate,2025,tapestry,history,,0.059
year_cooccurrence_rate,2022,tapestry,history,,0.077
year_cooccurrence_rate,2025,tapestry,immigration,,0.059
year_cooccurrence_rate,2025,tapestry,presence,,0.059
year_cooccurrence_rate,2025,tapestry,indigenous,,0.059
year_cooccurrence_rate,2025,tapestry,take,,0.059
year_cooccurrence_rate,2021,tapestry,take,,0.2
year_cooccurrence_rate,2025,tapestry,shape,,0.059
year_cooccurrence_rate,2025,tapestry,evolve,,0.059
year_cooccurrence_rate,2025,tapestry,user,,0.059
year_cooccurrence_rate,2026,tapestry,user,,0.1
year_cooccurrence_rate,2025,tapestry,creator,,0.059
year_cooccurrence_rate,2025,tapestry,contributing,,0.059
year_cooccurrence_rate,2025,tapestry,voice,,0.059
year_cooccurrence_rate,2025,tapestry,ever,,0.059
year_cooccurrence_rate,2025,tapestry,expanding,,0.059
year_cooccurrence_rate,2025,tapestry,meaning,,0.059
year_cooccurrence_rate,2026,tapestry,meaning,,0.1
year_cooccurrence_rate,2025,tapestry,interaction,,0.059
year_cooccurrence_rate,2025,tapestry,becomes,,0.059
year_cooccurrence_rate,2025,tapestry,act,,0.059
year_cooccurrence_rate,2025,tapestry,discovery,,0.059
year_cooccurrence_rate,2025,tapestry,uncovering,,0.059
year_cooccurrence_rate,2025,tapestry,pessoa,,0.059
year_cooccurrence_rate,2025,tapestry,genius,,0.059
year_cooccurrence_rate,2025,tapestry,poi,,0.059
year_cooccurrence_rate,2025,tapestry,temporal,,0.059
year_cooccurrence_rate,2025,tapestry,aspect,,0.059
year_cooccurrence_rate,2025,tapestry,intricate,,0.059
year_cooccurrence_rate,2025,tapestry,framework,,0.059
year_cooccurrence_rate,2025,tapestry,enables,,0.059
year_cooccurrence_rate,2025,tapestry,profound,,0.059
year_cooccurrence_rate,2025,tapestry,exploration,,0.059
year_cooccurrence_rate,2025,tapestry,geographic,,0.118
year_cooccurrence_rate,2025,tapestry,information,,0.059
year_cooccurrence_rate,2026,tapestry,information,,0.1
year_cooccurrence_rate,2025,tapestry,encapsulated,,0.059
year_cooccurrence_rate,2025,tapestry,historical,,0.118
year_cooccurrence_rate,2026,tapestry,historical,,0.1
year_cooccurrence_rate,2025,tapestry,newspaper,,0.059
year_cooccurrence_rate,2025,tapestry,thereby,,0.059
year_cooccurrence_rate,2026,tapestry,thereby,,0.1
year_cooccurrence_rate,2025,tapestry,fostering,,0.059
year_cooccurrence_rate,2025,tapestry,thorough,,0.059
year_cooccurrence_rate,2025,tapestry,result,,0.059
year_cooccurrence_rate,2025,tapestry,demonstrate,,0.059
year_cooccurrence_rate,2025,tapestry,efficacy,,0.059
year_cooccurrence_rate,2025,tapestry,reliability,,0.059
year_cooccurrence_rate,2025,tapestry,proposed,,0.059
year_cooccurrence_rate,2025,tapestry,algorithm,,0.059
year_cooccurrence_rate,2025,tapestry,accurately,,0.059
year_cooccurrence_rate,2025,tapestry,capturing,,0.059
year_cooccurrence_rate,2025,tapestry,environment,,0.059
year_cooccurrence_rate,2025,tapestry,providing,,0.059
year_cooccurrence_rate,2025,tapestry,standardized,,0.059
year_cooccurrence_rate,2025,tapestry,comprehensive,,0.059
year_cooccurrence_rate,2025,tapestry,mean,,0.059
year_cooccurrence_rate,2009,tapestry,book,,0.167
year_cooccurrence_rate,2009,tapestry,largely,,0.167
year_cooccurrence_rate,2009,tapestry,composed,,0.167
year_cooccurrence_rate,2009,tapestry,concentrate,,0.167
year_cooccurrence_rate,2009,tapestry,leitmotif,,0.167
year_cooccurrence_rate,2009,tapestry,weave,,0.167
year_cooccurrence_rate,2009,tapestry,coherent,,0.167
year_cooccurrence_rate,2009,tapestry,psychological,,0.167
year_cooccurrence_rate,2009,tapestry,narrative,,0.167
year_cooccurrence_rate,2009,tapestry,print,,0.167
year_cooccurrence_rate,2009,tapestry,novel,,0.167
year_cooccurrence_rate,2009,tapestry,reader,,0.167
year_cooccurrence_rate,2023,tapestry,reader,,0.1
year_cooccurrence_rate,2009,tapestry,must,,0.167
year_cooccurrence_rate,2009,tapestry,puzzle,,0.167
year_cooccurrence_rate,2020,tapestry,expansion,,0.333
year_cooccurrence_rate,2020,tapestry,perhaps,,0.667
year_cooccurrence_rate,2020,tapestry,conceptualizing,,0.333
year_cooccurrence_rate,2020,tapestry,overarching,,0.333
year_cooccurrence_rate,2020,tapestry,course,,0.333
year_cooccurrence_rate,2020,tapestry,theme,,0.333
year_cooccurrence_rate,2020,tapestry,mapping,,0.333
year_cooccurrence_rate,2020,tapestry,student,,0.333
year_cooccurrence_rate,2020,tapestry,approach,,0.333
year_cooccurrence_rate,2020,tapestry,focused,,0.667
year_cooccurrence_rate,2020,tapestry,relationship,,0.333
year_cooccurrence_rate,2020,tapestry,around,,0.333
year_cooccurrence_rate,2020,tapestry,single,,0.333
year_cooccurrence_rate,2020,tapestry,author,,0.333
year_cooccurrence_rate,2020,tapestry,project,,0.333
year_cooccurrence_rate,2020,tapestry,example,,0.333
year_cooccurrence_rate,2020,tapestry,chardin,,0.333
year_cooccurrence_rate,2020,tapestry,served,,0.333
year_cooccurrence_rate,2021,tapestry,willing,,0.2
year_cooccurrence_rate,2021,tapestry,like,,0.2
year_cooccurrence_rate,2021,tapestry,dedicate,,0.2
year_cooccurrence_rate,2021,tapestry,little,,0.2
year_cooccurrence_rate,2021,tapestry,thread,,0.2
year_cooccurrence_rate,2022,tapestry,thread,,0.077
year_cooccurrence_rate,2021,tapestry,immense,,0.2
year_cooccurrence_rate,2021,tapestry,scholarship,,0.2
year_cooccurrence_rate,2021,tapestry,brings,,0.2
year_cooccurrence_rate,2021,tapestry,people,,0.2
year_cooccurrence_rate,2021,tapestry,together,,0.2
year_cooccurrence_rate,2021,tapestry,continent,,0.2
year_cooccurrence_rate,2021,tapestry,memory,,0.2
year_cooccurrence_rate,2026,tapestry,memory,,0.1
year_cooccurrence_rate,2021,tapestry,clara,,0.2
year_cooccurrence_rate,2021,tapestry,henderson,,0.2
year_cooccurrence_rate,2022,tapestry,aid,,0.077
year_cooccurrence_rate,2022,tapestry,scholar,,0.077
year_cooccurrence_rate,2022,tapestry,weaving,,0.077
year_cooccurrence_rate,2026,tapestry,weaving,,0.1
year_cooccurrence_rate,2022,tapestry,disparate,,0.077
year_cooccurrence_rate,2022,tapestry,individual,,0.077
year_cooccurrence_rate,2022,tapestry,life,,0.077
year_cooccurrence_rate,2022,tapestry,region,,0.077
year_cooccurrence_rate,2022,tapestry,method,,0.077
year_cooccurrence_rate,2022,tapestry,applied,,0.077
year_cooccurrence_rate,2022,tapestry,corpus,,0.077
year_cooccurrence_rate,2023,tapestry,previous,,0.1
year_cooccurrence_rate,2023,tapestry,column,,0.2
year_cooccurrence_rate,2023,tapestry,presuming,,0.1
year_cooccurrence_rate,2023,tapestry,continued,,0.1
year_cooccurrence_rate,2023,tapestry,engaged,,0.1
year_cooccurrence_rate,2023,tapestry,readership,,0.1
year_cooccurrence_rate,2023,tapestry,reference,,0.1
year_cooccurrence_rate,2023,tapestry,subtly,,0.1
year_cooccurrence_rate,2023,tapestry,encourages,,0.1
year_cooccurrence_rate,2023,tapestry,follow,,0.1
year_cooccurrence_rate,2023,tapestry,suggestion,,0.1
year_cooccurrence_rate,2023,tapestry,supplement,,0.1
year_cooccurrence_rate,2023,tapestry,downloaded,,0.1
year_cooccurrence_rate,2023,tapestry,http,,0.1
year_cooccurrence_rate,2026,tapestry,programming,,0.1
year_cooccurrence_rate,2026,tapestry,address,,0.1
year_cooccurrence_rate,2026,tapestry,multiple,,0.1
year_cooccurrence_rate,2026,tapestry,scale,,0.1
year_cooccurrence_rate,2026,tapestry,simultaneously,,0.1
year_cooccurrence_rate,2026,tapestry,exchanging,,0.1
year_cooccurrence_rate,2026,tapestry,digital,,0.1
year_cooccurrence_rate,2026,tapestry,state,,0.1
year_cooccurrence_rate,2026,tapestry,analog,,0.1
year_cooccurrence_rate,2026,tapestry,contour,,0.1
year_cooccurrence_rate,2026,tapestry,natural,,0.1
year_cooccurrence_rate,2026,tapestry,instruction,,0.2
year_cooccurrence_rate,2026,tapestry,machine,,0.1
year_cooccurrence_rate,2026,tapestry,physical,,0.1
year_cooccurrence_rate,2026,tapestry,affordances,,0.1
year_cooccurrence_rate,2026,tapestry,symbolic,,0.2
year_cooccurrence_rate,2026,tapestry,culture,,0.1
year_cooccurrence_rate,2026,tapestry,color,,0.1
year_cooccurrence_rate,2026,tapestry,pattern,,0.1
year_cooccurrence_rate,2026,tapestry,embedded,,0.1
year_cooccurrence_rate,2026,tapestry,quilt,,0.1
year_cooccurrence_rate,2026,tapestry,resonate,,0.1
year_cooccurrence_rate,2026,tapestry,haitian,,0.1
year_cooccurrence_rate,2026,tapestry,art,,0.1
year_cooccurrence_rate,2026,tapestry,often,,0.1
year_cooccurrence_rate,2026,tapestry,incorporates,,0.1
year_cooccurrence_rate,2026,tapestry,element,,0.1
year_cooccurrence_rate,2026,tapestry,folklore,,0.1
year_cooccurrence_rate,2026,tapestry,spirituality,,0.1
year_cooccurrence_rate,2026,tapestry,furthermore,,0.1
year_cooccurrence_rate,2026,tapestry,suggests,,0.1
year_cooccurrence_rate,2026,tapestry,english,,0.1
year_cooccurrence_rate,2026,tapestry,lingua,,0.1
year_cooccurrence_rate,2026,tapestry,franca,,0.1
year_cooccurrence_rate,2026,tapestry,significantly,,0.1
year_cooccurrence_rate,2026,tapestry,impact,,0.1
year_cooccurrence_rate,2026,tapestry,web,,0.1
year_cooccurrence_rate,2026,tapestry,practice,,0.1
year_cooccurrence_rate,2026,tapestry,exists,,0.1
year_cooccurrence_rate,2026,tapestry,online,,0.1
year_cooccurrence_rate,2026,tapestry,due,,0.1
year_cooccurrence_rate,2026,tapestry,various,,0.1
year_cooccurrence_rate,2026,tapestry,multilingual,,0.1
year_cooccurrence_rate,2026,tapestry,solution,,0.1
year_cooccurrence_rate,2026,tapestry,building,,0.1
year_cooccurrence_rate,2026,tapestry,assumption,,0.1
year_cooccurrence_rate,1987,tapestry,researcher,,1.0
year_cooccurrence_rate,1988,tapestry,researcher,,1.0
year_cooccurrence_rate,1987,tapestry,order,,1.0
year_cooccurrence_rate,1988,tapestry,order,,1.0
year_cooccurrence_rate,1987,tapestry,provide,,1.0
year_cooccurrence_rate,1988,tapestry,provide,,1.0
year_cooccurrence_rate,1987,tapestry,strand,,1.0
year_cooccurrence_rate,1988,tapestry,strand,,1.0
year_cooccurrence_rate,1987,tapestry,properly,,1.0
year_cooccurrence_rate,1988,tapestry,properly,,1.0
year_cooccurrence_rate,1987,tapestry,belong,,1.0
year_cooccurrence_rate,1988,tapestry,belong,,1.0
year_cooccurrence_rate,1987,tapestry,record,,1.0
year_cooccurrence_rate,1988,tapestry,record,,1.0
year_cooccurrence_rate,1987,tapestry,day,,1.0
year_cooccurrence_rate,1988,tapestry,day,,1.0
year_cooccurrence_rate,1987,tapestry,story,,1.0
year_cooccurrence_rate,1988,tapestry,story,,1.0
year_cooccurrence_rate,1987,tapestry,easy,,1.0
year_cooccurrence_rate,1988,tapestry,easy,,1.0
year_cooccurrence_rate,2012,loom,either,,0.5
year_cooccurrence_rate,2012,loom,bellow,,0.5
year_cooccurrence_rate,2012,loom,locomotive,,0.5
year_cooccurrence_rate,2012,loom,book,,0.5
year_cooccurrence_rate,2012,loom,might,,0.5
year_cooccurrence_rate,2012,loom,better,,0.75
year_cooccurrence_rate,2012,loom,compared,,0.5
year_cooccurrence_rate,2012,loom,proposed,,0.5
year_cooccurrence_rate,2012,loom,weave,,0.75
year_cooccurrence_rate,2012,loom,ravelled,,0.5
year_cooccurrence_rate,2012,loom,part,,0.5
year_cooccurrence_rate,2012,loom,civilization,,0.5
year_cooccurrence_rate,2012,loom,machine,,0.5
year_cooccurrence_rate,2012,loom,offer,,0.25
year_cooccurrence_rate,2012,loom,analogue,,0.25
year_cooccurrence_rate,2012,loom,type,,0.25
year_cooccurrence_rate,2012,loom,function,,0.25
year_cooccurrence_rate,2012,loom,text,,0.5
year_cooccurrence_rate,2012,loom,performs,,0.25
year_cooccurrence_rate,2012,loom,productively,,0.25
year_cooccurrence_rate,2012,loom,invokes,,0.25
year_cooccurrence_rate,2012,loom,latin,,0.25
year_cooccurrence_rate,2012,loom,etymology,,0.25
year_cooccurrence_rate,2012,loom,texere,,0.25
year_cooccurrence_rate,2012,loom,think,,0.25
year_cooccurrence_rate,2022,loom,computer,,0.077
year_cooccurrence_rate,2022,loom,aided,,0.077
year_cooccurrence_rate,2022,loom,collation,,0.077
year_cooccurrence_rate,2022,loom,like,,0.077
year_cooccurrence_rate,2022,loom,power,,0.077
year_cooccurrence_rate,2022,loom,inevitably,,0.077
year_cooccurrence_rate,2022,loom,tangle,,0.077
year_cooccurrence_rate,2022,loom,thread,,0.077
year_cooccurrence_rate,2022,loom,caught,,0.077
year_cooccurrence_rate,2022,loom,machinery,,0.077
year_cooccurrence_rate,2022,loom,automating,,0.077
year_cooccurrence_rate,2022,loom,tedious,,0.077
year_cooccurrence_rate,2022,loom,process,,0.077
year_cooccurrence_rate,2022,loom,magnifies,,0.077
year_cooccurrence_rate,2017,sew,instructor,,0.1
year_cooccurrence_rate,2017,sew,track,,0.1
year_cooccurrence_rate,2017,sew,engagement,,0.1
year_cooccurrence_rate,2017,sew,throughout,,0.1
year_cooccurrence_rate,2017,sew,course,,0.1
year_cooccurrence_rate,2017,sew,finally,,0.1
year_cooccurrence_rate,2017,sew,annotation,,0.1
year_cooccurrence_rate,2017,sew,connected,,0.1
year_cooccurrence_rate,2017,sew,text,,0.1
year_cooccurrence_rate,2017,sew,kit,,0.1
year_cooccurrence_rate,2017,sew,order,,0.1
year_cooccurrence_rate,2017,sew,support,,0.1
year_cooccurrence_rate,2017,sew,intertextual,,0.1
year_cooccurrence_rate,2017,sew,analysis,,0.1
year_cooccurrence_rate,2017,sew,introducing,,0.1
year_cooccurrence_rate,2017,sew,feature,,0.1
year_cooccurrence_rate,2017,sew,platform,,0.1
year_cooccurrence_rate,2018,warp,yarn,,0.143
year_cooccurrence_rate,2021,warp,yarn,,0.2
year_cooccurrence_rate,2018,warp,paper,,0.143
year_cooccurrence_rate,2021,warp,paper,,0.4
year_cooccurrence_rate,2018,warp,pencil,,0.143
year_cooccurrence_rate,2021,warp,pencil,,0.4
year_cooccurrence_rate,2018,warp,creation,,0.143
year_cooccurrence_rate,2021,warp,creation,,0.2
year_cooccurrence_rate,2018,warp,rug,,0.143
year_cooccurrence_rate,2021,warp,rug,,0.2
year_cooccurrence_rate,2018,warp,together,,0.143
year_cooccurrence_rate,2021,warp,together,,0.6
year_cooccurrence_rate,2018,warp,weft,,0.143
year_cooccurrence_rate,2021,warp,weft,,0.6
year_cooccurrence_rate,2022,warp,weft,,0.154
year_cooccurrence_rate,1990,warp,weft,,0.333
year_cooccurrence_rate,2018,warp,bridge,,0.143
year_cooccurrence_rate,2021,warp,bridge,,0.4
year_cooccurrence_rate,2018,warp,unites,,0.143
year_cooccurrence_rate,2021,warp,unites,,0.2
year_cooccurrence_rate,2018,warp,thread,,0.143
year_cooccurrence_rate,2021,warp,thread,,0.4
year_cooccurrence_rate,2018,warp,past,,0.143
year_cooccurrence_rate,2021,warp,past,,0.4
year_cooccurrence_rate,2018,warp,present,,0.143
year_cooccurrence_rate,2021,warp,present,,0.4
year_cooccurrence_rate,2018,warp,english,,0.143
year_cooccurrence_rate,2021,warp,english,,0.2
year_cooccurrence_rate,2018,warp,spanish,,0.143
year_cooccurrence_rate,2021,warp,spanish,,0.2
year_cooccurrence_rate,2018,warp,mixtec,,0.143
year_cooccurrence_rate,2021,warp,mixtec,,0.2
year_cooccurrence_rate,2018,warp,chatino,,0.143
year_cooccurrence_rate,2021,warp,chatino,,0.2
year_cooccurrence_rate,2018,warp,digital,,0.143
year_cooccurrence_rate,2021,warp,digital,,0.8
year_cooccurrence_rate,2018,warp,medium,,0.143
year_cooccurrence_rate,2021,warp,medium,,0.4
year_cooccurrence_rate,2018,warp,seen,,0.143
year_cooccurrence_rate,2021,warp,seen,,0.2
year_cooccurrence_rate,2018,warp,speaker,,0.143
year_cooccurrence_rate,2021,warp,speaker,,0.4
year_cooccurrence_rate,2018,warp,indigenous,,0.143
year_cooccurrence_rate,2021,warp,indigenous,,0.4
year_cooccurrence_rate,2018,warp,language,,0.143
year_cooccurrence_rate,2021,warp,language,,0.6
year_cooccurrence_rate,1990,warp,language,,0.333
year_cooccurrence_rate,2018,warp,opportunity,,0.143
year_cooccurrence_rate,2021,warp,opportunity,,0.2
year_cooccurrence_rate,2018,warp,weave,,0.143
year_cooccurrence_rate,2021,warp,weave,,0.8
year_cooccurrence_rate,2018,warp,word,,0.143
year_cooccurrence_rate,2021,warp,word,,0.4
year_cooccurrence_rate,2021,warp,post,,0.2
year_cooccurrence_rate,2021,warp,structuralist,,0.2
year_cooccurrence_rate,2021,warp,narratology,,0.2
year_cooccurrence_rate,2021,warp,attempt,,0.2
year_cooccurrence_rate,2021,warp,grab,,0.2
year_cooccurrence_rate,2021,warp,single,,0.2
year_cooccurrence_rate,2021,warp,narrative,,0.2
year_cooccurrence_rate,2021,warp,tug,,0.2
year_cooccurrence_rate,2021,warp,entire,,0.2
year_cooccurrence_rate,2021,warp,woof,,0.2
year_cooccurrence_rate,2021,warp,text,,0.4
year_cooccurrence_rate,2021,warp,intertextuality,,0.2
year_cooccurrence_rate,2021,warp,delimiting,,0.2
year_cooccurrence_rate,2021,warp,discrete,,0.2
year_cooccurrence_rate,2021,warp,unit,,0.2
year_cooccurrence_rate,2021,warp,always,,0.2
year_cooccurrence_rate,2021,warp,imposes,,0.2
year_cooccurrence_rate,2021,warp,create,,0.2
year_cooccurrence_rate,2021,warp,narrate,,0.2
year_cooccurrence_rate,2021,warp,story,,0.2
year_cooccurrence_rate,2021,warp,connect,,0.4
year_cooccurrence_rate,2021,warp,pattern,,0.2
year_cooccurrence_rate,2021,warp,around,,0.2
year_cooccurrence_rate,2021,warp,world,,0.4
year_cooccurrence_rate,2021,warp,take,,0.2
year_cooccurrence_rate,2021,warp,technology,,0.2
year_cooccurrence_rate,2021,warp,share,,0.4
year_cooccurrence_rate,2021,warp,community,,0.2
year_cooccurrence_rate,2021,warp,image,,0.2
year_cooccurrence_rate,2021,warp,loincloth,,0.2
year_cooccurrence_rate,2021,warp,hope,,0.2
year_cooccurrence_rate,2022,warp,blank,,0.077
year_cooccurrence_rate,2022,warp,verse,,0.077
year_cooccurrence_rate,2022,warp,point,,0.077
year_cooccurrence_rate,2022,warp,poem,,0.077
year_cooccurrence_rate,2022,warp,regarded,,0.077
year_cooccurrence_rate,2022,warp,prose,,0.154
year_cooccurrence_rate,2022,warp,amid,,0.154
year_cooccurrence_rate,2022,warp,poetry,,0.154
year_cooccurrence_rate,2022,warp,genius,,0.077
year_cooccurrence_rate,2022,warp,united,,0.077
year_cooccurrence_rate,2022,warp,state,,0.077
year_cooccurrence_rate,2022,warp,taking,,0.077
year_cooccurrence_rate,2022,warp,hat,,0.077
year_cooccurrence_rate,2022,warp,unfettered,,0.077
year_cooccurrence_rate,2022,warp,existing,,0.077
year_cooccurrence_rate,2022,warp,convention,,0.077
year_cooccurrence_rate,2022,warp,urgently,,0.077
year_cooccurrence_rate,2022,warp,rossetti,,0.077
year_cooccurrence_rate,2022,warp,celebrated,,0.077
year_cooccurrence_rate,2022,warp,whitman,,0.077
year_cooccurrence_rate,2022,warp,open,,0.077
year_cooccurrence_rate,1990,warp,intelligible,,0.333
year_cooccurrence_rate,1990,warp,answer,,0.333
year_cooccurrence_rate,1990,warp,question,,0.333
year_cooccurrence_rate,1990,warp,wooden,,0.333
year_cooccurrence_rate,1990,warp,inaccurate,,0.333
year_cooccurrence_rate,1990,warp,plain,,0.333
year_cooccurrence_rate,1990,warp,kindergarten,,0.333
year_cooccurrence_rate,1990,warp,oversimplification,,0.333
year_cooccurrence_rate,1990,warp,syntactic,,0.333
year_cooccurrence_rate,1990,warp,let,,0.333
year_cooccurrence_rate,1990,warp,choose,,0.333
year_cooccurrence_rate,1990,warp,plausible,,0.333
year_cooccurrence_rate,1990,warp,alternative,,0.333
year_cooccurrence_rate,1990,warp,understanding,,0.333
year_cooccurrence_rate,1990,warp,passage,,0.333
year_cooccurrence_rate,2018,weft,paper,,0.143
year_cooccurrence_rate,2021,weft,paper,,0.4
year_cooccurrence_rate,2018,weft,pencil,,0.143
year_cooccurrence_rate,2021,weft,pencil,,0.4
year_cooccurrence_rate,2018,weft,creation,,0.143
year_cooccurrence_rate,2021,weft,creation,,0.2
year_cooccurrence_rate,2018,weft,rug,,0.143
year_cooccurrence_rate,2021,weft,rug,,0.2
year_cooccurrence_rate,2018,weft,together,,0.143
year_cooccurrence_rate,2021,weft,together,,0.6
year_cooccurrence_rate,2018,weft,warp,,0.143
year_cooccurrence_rate,2021,weft,warp,,0.8
year_cooccurrence_rate,2022,weft,warp,,0.154
year_cooccurrence_rate,1990,weft,warp,,0.333
year_cooccurrence_rate,2018,weft,bridge,,0.143
year_cooccurrence_rate,2021,weft,bridge,,0.4
year_cooccurrence_rate,2018,weft,unites,,0.143
year_cooccurrence_rate,2021,weft,unites,,0.2
year_cooccurrence_rate,2018,weft,thread,,0.143
year_cooccurrence_rate,2021,weft,thread,,0.2
year_cooccurrence_rate,2018,weft,past,,0.143
year_cooccurrence_rate,2021,weft,past,,0.4
year_cooccurrence_rate,2018,weft,present,,0.143
year_cooccurrence_rate,2021,weft,present,,0.4
year_cooccurrence_rate,2021,weft,create,,0.2
year_cooccurrence_rate,2021,weft,narrate,,0.2
year_cooccurrence_rate,2021,weft,story,,0.2
year_cooccurrence_rate,2021,weft,connect,,0.4
year_cooccurrence_rate,2021,weft,weave,,0.4
year_cooccurrence_rate,2021,weft,pattern,,0.2
year_cooccurrence_rate,2021,weft,loincloth,,0.2
year_cooccurrence_rate,2021,weft,hope,,0.4
year_cooccurrence_rate,2021,weft,digital,,0.4
year_cooccurrence_rate,2021,weft,share,,0.2
year_cooccurrence_rate,2021,weft,knowledge,,0.2
year_cooccurrence_rate,2022,weft,point,,0.077
year_cooccurrence_rate,2022,weft,poem,,0.077
year_cooccurrence_rate,2022,weft,regarded,,0.077
year_cooccurrence_rate,2022,weft,prose,,0.154
year_cooccurrence_rate,2022,weft,amid,,0.154
year_cooccurrence_rate,2022,weft,poetry,,0.154
year_cooccurrence_rate,2022,weft,genius,,0.077
year_cooccurrence_rate,2022,weft,united,,0.077
year_cooccurrence_rate,2022,weft,state,,0.077
year_cooccurrence_rate,2022,weft,manner,,0.077
year_cooccurrence_rate,2022,weft,speech,,0.077
year_cooccurrence_rate,2022,weft,dress,,0.077
year_cooccurrence_rate,2022,weft,friendship,,0.077
year_cooccurrence_rate,2022,weft,unfettered,,0.077
year_cooccurrence_rate,2022,weft,existing,,0.077
year_cooccurrence_rate,2022,weft,convention,,0.077
year_cooccurrence_rate,2022,weft,urgently,,0.077
year_cooccurrence_rate,2022,weft,rossetti,,0.077
year_cooccurrence_rate,2022,weft,celebrated,,0.077
year_cooccurrence_rate,2022,weft,whitman,,0.077
year_cooccurrence_rate,2022,weft,open,,0.077
year_cooccurrence_rate,2022,weft,extending,,0.077
year_cooccurrence_rate,2022,weft,inviting,,0.077
year_cooccurrence_rate,2022,weft,humanity,,0.077
year_cooccurrence_rate,1990,weft,question,,0.333
year_cooccurrence_rate,1990,weft,wooden,,0.333
year_cooccurrence_rate,1990,weft,inaccurate,,0.333
year_cooccurrence_rate,1990,weft,plain,,0.333
year_cooccurrence_rate,1990,weft,kindergarten,,0.333
year_cooccurrence_rate,1990,weft,oversimplification,,0.333
year_cooccurrence_rate,1990,weft,syntactic,,0.333
year_cooccurrence_rate,1990,weft,language,,0.333
year_cooccurrence_rate,1990,weft,let,,0.333
year_cooccurrence_rate,1990,weft,choose,,0.333
year_cooccurrence_rate,1990,weft,plausible,,0.333
year_cooccurrence_rate,1990,weft,alternative,,0.333
year_cooccurrence_rate,1990,weft,understanding,,0.333
year_cooccurrence_rate,1990,weft,passage,,0.333
year_cooccurrence_rate,1993,spin,collective,,0.5
year_cooccurrence_rate,1993,spin,blindness,,0.5
year_cooccurrence_rate,1993,spin,compounded,,0.5
year_cooccurrence_rate,1993,spin,consistent,,0.5
year_cooccurrence_rate,1993,spin,muteness,,0.5
year_cooccurrence_rate,1993,spin,full,,0.5
year_cooccurrence_rate,1993,spin,extent,,0.5
year_cooccurrence_rate,1993,spin,illusion,,0.5
year_cooccurrence_rate,1993,spin,becomes,,0.5
year_cooccurrence_rate,1993,spin,apparent,,0.5
year_cooccurrence_rate,1993,spin,silently,,0.5
year_cooccurrence_rate,1993,spin,regularizing,,0.5
year_cooccurrence_rate,1993,spin,scribe,,0.5
year_cooccurrence_rate,1993,spin,text,,0.5
year_cooccurrence_rate,1993,spin,literal,,0.5
year_cooccurrence_rate,1993,spin,material,,0.5
year_cooccurrence_rate,1993,spin,level,,0.5
year_collocation_rate,2013,knit,need,,0.125
year_collocation_rate,2025,knit,scholarly,,0.059
year_collocation_rate,2025,knit,angle,,0.059
year_collocation_rate,2025,knit,together,,0.118
year_collocation_rate,2015,knit,together,,0.2
year_collocation_rate,2016,knit,together,,0.125
year_collocation_rate,2017,knit,together,,0.3
year_collocation_rate,2018,knit,together,,0.143
year_collocation_rate,2023,knit,together,,0.1
year_collocation_rate,1981,knit,together,,1.0
year_collocation_rate,1997,knit,together,,1.0
year_collocation_rate,2025,knit,single,,0.059
year_collocation_rate,2025,knit,model,,0.059
year_collocation_rate,2025,knit,closely,,0.059
year_collocation_rate,2025,knit,deductive,,0.059
year_collocation_rate,2012,knit,densely,,0.25
year_collocation_rate,2012,knit,web,,0.25
year_collocation_rate,2012,knit,dictionary,,0.25
year_collocation_rate,2015,knit,relationship,,0.1
year_collocation_rate,2015,knit,derived,,0.1
year_collocation_rate,2017,knit,derived,,0.1
year_collocation_rate,2015,knit,linked,,0.1
year_collocation_rate,2015,knit,idea,,0.1
year_collocation_rate,2015,knit,exchange,,0.1
year_collocation_rate,2015,knit,network,,0.1
year_collocation_rate,2016,knit,paper,,0.125
year_collocation_rate,2016,knit,recent,,0.125
year_collocation_rate,2016,knit,computation,,0.125
year_collocation_rate,2016,knit,technology,,0.125
year_collocation_rate,2016,knit,view,,0.125
year_collocation_rate,2017,knit,binding,,0.1
year_collocation_rate,2017,knit,occurs,,0.1
year_collocation_rate,2017,knit,seam,,0.1
year_collocation_rate,2017,knit,technological,,0.1
year_collocation_rate,2017,knit,infrastructure,,0.1
year_collocation_rate,2017,knit,formally,,0.1
year_collocation_rate,2017,knit,faculty,,0.1
year_collocation_rate,2017,knit,tight,,0.1
year_collocation_rate,2017,knit,community,,0.1
year_collocation_rate,2017,knit,project,,0.1
year_collocation_rate,2023,knit,project,,0.1
year_collocation_rate,2017,knit,become,,0.1
year_collocation_rate,2017,knit,dean,,0.1
year_collocation_rate,2018,knit,apparatus,,0.143
year_collocation_rate,2018,knit,note,,0.143
year_collocation_rate,2021,knit,anglica,,0.2
year_collocation_rate,2000,knit,fragment,,0.5
year_collocation_rate,1998,knit,fragment,,1.0
year_collocation_rate,2003,knit,world,,0.5
year_collocation_rate,2003,knit,net,,0.5
year_collocation_rate,1998,knit,instruct,,1.0
year_collocation_rate,1998,knit,application,,1.0
year_collocation_rate,1981,knit,meaningful,,1.0
year_collocation_rate,1981,knit,way,,1.0
year_collocation_rate,2005,knit,concept,,0.5
year_collocation_rate,2005,knit,xml,,0.5
year_collocation_rate,2005,knit,data,,0.5
year_collocation_rate,2005,knit,utility,,0.5
year_collocation_rate,1997,knit,glossary,,1.0
year_collocation_rate,2013,weave,meaning,,0.125
year_collocation_rate,2013,weave,archive,,0.125
year_collocation_rate,2013,weave,together,,0.125
year_collocation_rate,2024,weave,together,,0.2
year_collocation_rate,2017,weave,together,,0.1
year_collocation_rate,2018,weave,together,,0.286
year_collocation_rate,2020,weave,together,,0.333
year_collocation_rate,2022,weave,together,,0.154
year_collocation_rate,2026,weave,together,,0.3
year_collocation_rate,1999,weave,together,,0.333
year_collocation_rate,2005,weave,together,,0.5
year_collocation_rate,2013,weave,trace,,0.125
year_collocation_rate,2024,weave,tangle,,0.2
year_collocation_rate,2024,weave,function,,0.2
year_collocation_rate,2024,weave,guideline,,0.2
year_collocation_rate,2024,weave,called,,0.2
year_collocation_rate,2024,weave,question,,0.2
year_collocation_rate,2024,weave,dozen,,0.2
year_collocation_rate,2024,weave,year,,0.2
year_collocation_rate,2024,weave,complex,,0.2
year_collocation_rate,2024,weave,eminent,,0.2
year_collocation_rate,2024,weave,digital,,0.4
year_collocation_rate,2014,weave,digital,,0.111
year_collocation_rate,2019,weave,digital,,0.125
year_collocation_rate,2026,weave,digital,,0.2
year_collocation_rate,2024,weave,practice,,0.2
year_collocation_rate,2015,weave,practice,,0.1
year_collocation_rate,2022,weave,practice,,0.077
year_collocation_rate,2024,weave,theoretical,,0.2
year_collocation_rate,2025,weave,textual,,0.059
year_collocation_rate,2025,weave,text,,0.118
year_collocation_rate,1994,weave,text,,0.5
year_collocation_rate,1996,weave,text,,1.0
year_collocation_rate,2025,weave,literary,,0.059
year_collocation_rate,1993,weave,literary,,0.5
year_collocation_rate,2025,weave,criticism,,0.059
year_collocation_rate,2025,weave,humanist,,0.059
year_collocation_rate,2025,weave,narrative,,0.118
year_collocation_rate,2023,weave,narrative,,0.1
year_collocation_rate,2025,weave,multiple,,0.059
year_collocation_rate,2026,weave,multiple,,0.1
year_collocation_rate,2025,weave,language,,0.059
year_collocation_rate,2022,weave,language,,0.077
year_collocation_rate,2025,weave,network,,0.059
year_collocation_rate,2025,weave,event,,0.059
year_collocation_rate,2012,weave,proposed,,0.5
year_collocation_rate,2012,weave,ravelled,,0.5
year_collocation_rate,2012,weave,texere,,0.25
year_collocation_rate,2014,weave,texere,,0.111
year_collocation_rate,2022,weave,texere,,0.077
year_collocation_rate,2012,weave,machine,,0.25
year_collocation_rate,2012,weave,think,,0.25
year_collocation_rate,2009,weave,leitmotif,,0.167
year_collocation_rate,2011,weave,figure,,0.333
year_collocation_rate,2011,weave,capable,,0.333
year_collocation_rate,2011,weave,mind,,0.333
year_collocation_rate,2014,weave,press,,0.111
year_collocation_rate,2014,weave,part,,0.111
year_collocation_rate,2014,weave,component,,0.111
year_collocation_rate,1993,weave,component,,1.0
year_collocation_rate,2014,weave,latin,,0.111
year_collocation_rate,2014,weave,way,,0.111
year_collocation_rate,2021,weave,way,,0.2
year_collocation_rate,2014,weave,fabric,,0.111
year_collocation_rate,2014,weave,channel,,0.111
year_collocation_rate,2014,weave,chapter,,0.111
year_collocation_rate,2015,weave,whose,,0.1
year_collocation_rate,2015,weave,commonly,,0.1
year_collocation_rate,2016,weave,previous,,0.125
year_collocation_rate,2016,weave,writer,,0.125
year_collocation_rate,2016,weave,vast,,0.125
year_collocation_rate,2016,weave,quantity,,0.125
year_collocation_rate,2016,weave,haywood,,0.125
year_collocation_rate,2016,weave,passage,,0.125
year_collocation_rate,2016,weave,found,,0.125
year_collocation_rate,2016,weave,principle,,0.25
year_collocation_rate,2016,weave,morin,,0.125
year_collocation_rate,2016,weave,self,,0.125
year_collocation_rate,2022,weave,self,,0.077
year_collocation_rate,2016,weave,reflexive,,0.125
year_collocation_rate,2016,weave,epistemology,,0.125
year_collocation_rate,2016,weave,uncertainty,,0.125
year_collocation_rate,2017,weave,family,,0.1
year_collocation_rate,2017,weave,commitment,,0.1
year_collocation_rate,2017,weave,contemporary,,0.1
year_collocation_rate,2017,weave,problem,,0.1
year_collocation_rate,2017,weave,allows,,0.1
year_collocation_rate,2023,weave,allows,,0.1
year_collocation_rate,2017,weave,user,,0.1
year_collocation_rate,2017,weave,element,,0.1
year_collocation_rate,2017,weave,existing,,0.1
year_collocation_rate,2017,weave,syllabus,,0.1
year_collocation_rate,2017,weave,ultimately,,0.1
year_collocation_rate,2017,weave,reduced,,0.1
year_collocation_rate,2017,weave,write,,0.1
year_collocation_rate,2017,weave,build,,0.2
year_collocation_rate,2017,weave,fabricate,,0.2
year_collocation_rate,2017,weave,culture,,0.1
year_collocation_rate,2017,weave,information,,0.2
year_collocation_rate,2020,weave,information,,0.333
year_collocation_rate,2017,weave,epoch,,0.1
year_collocation_rate,2018,weave,phonotextual,,0.286
year_collocation_rate,2018,weave,braid,,0.286
year_collocation_rate,2018,weave,timbre,,0.143
year_collocation_rate,2018,weave,include,,0.143
year_collocation_rate,2022,weave,include,,0.077
year_collocation_rate,2018,weave,life,,0.143
year_collocation_rate,2018,weave,project,,0.143
year_collocation_rate,2018,weave,thread,,0.143
year_collocation_rate,1994,weave,thread,,0.5
year_collocation_rate,2019,weave,interpersonal,,0.125
year_collocation_rate,2019,weave,conflict,,0.125
year_collocation_rate,2019,weave,strong,,0.125
year_collocation_rate,2019,weave,net,,0.125
year_collocation_rate,2019,weave,link,,0.125
year_collocation_rate,2023,weave,link,,0.1
year_collocation_rate,2005,weave,link,,0.5
year_collocation_rate,2019,weave,story,,0.125
year_collocation_rate,2026,weave,story,,0.3
year_collocation_rate,2019,weave,represent,,0.125
year_collocation_rate,2019,weave,skill,,0.125
year_collocation_rate,2019,weave,image,,0.25
year_collocation_rate,2019,weave,literature,,0.125
year_collocation_rate,2019,weave,skeuomorph,,0.125
year_collocation_rate,2020,weave,researcher,,0.333
year_collocation_rate,2020,weave,waltz,,0.333
year_collocation_rate,2020,weave,say,,0.333
year_collocation_rate,2021,weave,seeing,,0.2
year_collocation_rate,2021,weave,redesigning,,0.2
year_collocation_rate,2022,weave,word,,0.077
year_collocation_rate,2022,weave,present,,0.077
year_collocation_rate,2022,weave,petersime,,0.077
year_collocation_rate,2022,weave,expertise,,0.077
year_collocation_rate,2022,weave,archival,,0.077
year_collocation_rate,2022,weave,order,,0.077
year_collocation_rate,1990,weave,order,,0.333
year_collocation_rate,2022,weave,collation,,0.077
year_collocation_rate,2022,weave,smooth,,0.077
year_collocation_rate,2022,weave,process,,0.077
year_collocation_rate,2022,weave,discus,,0.077
year_collocation_rate,2022,weave,representation,,0.077
year_collocation_rate,2022,weave,scholar,,0.077
year_collocation_rate,2022,weave,disparate,,0.077
year_collocation_rate,2022,weave,usually,,0.077
year_collocation_rate,2022,weave,performed,,0.077
year_collocation_rate,2022,weave,data,,0.077
year_collocation_rate,2026,weave,data,,0.1
year_collocation_rate,2022,weave,compose,,0.077
year_collocation_rate,2022,weave,model,,0.077
year_collocation_rate,2022,weave,highly,,0.077
year_collocation_rate,2022,weave,connected,,0.077
year_collocation_rate,2022,weave,possibility,,0.077
year_collocation_rate,2022,weave,ancient,,0.077
year_collocation_rate,2022,weave,tradition,,0.077
year_collocation_rate,2026,weave,tradition,,0.1
year_collocation_rate,2022,weave,methodology,,0.154
year_collocation_rate,2022,weave,old,,0.154
year_collocation_rate,2022,weave,interpretation,,0.077
year_collocation_rate,2022,weave,idea,,0.077
year_collocation_rate,2023,weave,loom,,1.0
year_collocation_rate,2023,weave,inner,,0.9
year_collocation_rate,2023,weave,play,,0.1
year_collocation_rate,2023,weave,player,,0.1
year_collocation_rate,2023,weave,action,,0.1
year_collocation_rate,2023,weave,risk,,0.1
year_collocation_rate,2023,weave,parlor,,0.1
year_collocation_rate,2023,weave,familiar,,0.1
year_collocation_rate,2023,weave,trope,,0.1
year_collocation_rate,2023,weave,artisanal,,0.1
year_collocation_rate,2023,weave,craft,,0.1
year_collocation_rate,2023,weave,storytelling,,0.1
year_collocation_rate,2023,weave,line,,0.1
year_collocation_rate,1993,weave,line,,0.5
year_collocation_rate,2023,weave,ecological,,0.1
year_collocation_rate,2023,weave,loss,,0.1
year_collocation_rate,2023,weave,meltzoff,,0.1
year_collocation_rate,2023,weave,maintains,,0.1
year_collocation_rate,2023,weave,intricate,,0.1
year_collocation_rate,1993,weave,intricate,,1.0
year_collocation_rate,2023,weave,moral,,0.1
year_collocation_rate,2023,weave,another,,0.1
year_collocation_rate,2026,weave,deftly,,0.1
year_collocation_rate,2026,weave,logic,,0.1
year_collocation_rate,2026,weave,path,,0.1
year_collocation_rate,1994,weave,path,,0.5
year_collocation_rate,2026,weave,thereby,,0.1
year_collocation_rate,2026,weave,tapestry,,0.2
year_collocation_rate,2026,weave,notebook,,0.1
year_collocation_rate,2026,weave,allow,,0.1
year_collocation_rate,2026,weave,code,,0.1
year_collocation_rate,2026,weave,movement,,0.1
year_collocation_rate,2026,weave,national,,0.1
year_collocation_rate,2026,weave,digitize,,0.1
year_collocation_rate,2026,weave,moving,,0.1
year_collocation_rate,2026,weave,orality,,0.1
year_collocation_rate,2026,weave,postcard,,0.1
year_collocation_rate,2026,weave,india,,0.2
year_collocation_rate,2026,weave,downloaded,,0.1
year_collocation_rate,2007,weave,business,,0.333
year_collocation_rate,2007,weave,digitization,,0.333
year_collocation_rate,2007,weave,anecdote,,0.333
year_collocation_rate,1999,weave,substitution,,0.333
year_collocation_rate,1999,weave,different,,0.333
year_collocation_rate,2005,weave,different,,0.5
year_collocation_rate,1999,weave,quite,,0.333
year_collocation_rate,1999,weave,effectively,,0.333
year_collocation_rate,1990,weave,technology,,0.333
year_collocation_rate,1990,weave,metaphor,,0.333
year_collocation_rate,1994,weave,metaphor,,0.5
year_collocation_rate,1990,weave,automation,,0.333
year_collocation_rate,1990,weave,activity,,0.333
year_collocation_rate,1990,weave,interlacing,,0.333
year_collocation_rate,1994,weave,single,,0.5
year_collocation_rate,1994,weave,differ,,0.5
year_collocation_rate,1994,weave,ent,,0.5
year_collocation_rate,1994,weave,building,,0.5
year_collocation_rate,2002,weave,theory,,0.333
year_collocation_rate,2002,weave,web,,0.333
year_collocation_rate,2005,weave,student,,0.5
year_collocation_rate,2005,weave,closer,,0.5
year_collocation_rate,2005,weave,highlighted,,0.5
year_collocation_rate,1993,weave,melodic,,0.5
year_collocation_rate,1993,weave,complicated,,0.5
year_collocation_rate,1993,weave,constant,,1.0
year_collocation_rate,1993,weave,table,,1.0
year_collocation_rate,1993,weave,descent,,0.5
year_collocation_rate,1993,weave,bradley,,0.5
year_collocation_rate,1995,weave,connection,,1.0
year_collocation_rate,2013,stitch,might,,0.25
year_collocation_rate,2020,stitch,might,,0.333
year_collocation_rate,2013,stitch,assemble,,0.375
year_collocation_rate,2013,stitch,reassemble,,0.375
year_collocation_rate,2013,stitch,together,,0.5
year_collocation_rate,2025,stitch,together,,0.118
year_collocation_rate,2009,stitch,together,,0.167
year_collocation_rate,2014,stitch,together,,0.111
year_collocation_rate,2015,stitch,together,,0.5
year_collocation_rate,2016,stitch,together,,0.375
year_collocation_rate,2019,stitch,together,,0.5
year_collocation_rate,2023,stitch,together,,0.1
year_collocation_rate,2026,stitch,together,,0.1
year_collocation_rate,2001,stitch,together,,1.0
year_collocation_rate,2002,stitch,together,,1.0
year_collocation_rate,2013,stitch,compositionist,,0.125
year_collocation_rate,2013,stitch,set,,0.125
year_collocation_rate,2001,stitch,set,,1.0
year_collocation_rate,2013,stitch,utterly,,0.125
year_collocation_rate,2013,stitch,cannot,,0.125
year_collocation_rate,2013,stitch,understood,,0.125
year_collocation_rate,2013,stitch,separate,,0.125
year_collocation_rate,2025,stitch,imaginative,,0.059
year_collocation_rate,2025,stitch,act,,0.059
year_collocation_rate,2025,stitch,recognition,,0.059
year_collocation_rate,2025,stitch,method,,0.059
year_collocation_rate,2025,stitch,large,,0.059
year_collocation_rate,2009,stitch,subjective,,0.167
year_collocation_rate,2009,stitch,amalgam,,0.167
year_collocation_rate,2009,stitch,entity,,0.167
year_collocation_rate,2011,stitch,digitally,,0.333
year_collocation_rate,2011,stitch,georeferenced,,0.333
year_collocation_rate,2011,stitch,panoptic,,0.333
year_collocation_rate,2011,stitch,imagery,,0.333
year_collocation_rate,2011,stitch,satellite,,0.333
year_collocation_rate,2014,stitch,maybe,,0.111
year_collocation_rate,2014,stitch,spacetime,,0.111
year_collocation_rate,2014,stitch,string,,0.111
year_collocation_rate,2014,stitch,fall,,0.111
year_collocation_rate,2014,stitch,short,,0.111
year_collocation_rate,2015,stitch,collection,,0.1
year_collocation_rate,2015,stitch,inevitably,,0.1
year_collocation_rate,2015,stitch,user,,0.1
year_collocation_rate,2015,stitch,experience,,0.1
year_collocation_rate,2015,stitch,system,,0.1
year_collocation_rate,2015,stitch,translation,,0.2
year_collocation_rate,2015,stitch,better,,0.1
year_collocation_rate,2015,stitch,support,,0.1
year_collocation_rate,2016,stitch,fabric,,0.125
year_collocation_rate,2016,stitch,program,,0.125
year_collocation_rate,2026,stitch,program,,0.1
year_collocation_rate,2016,stitch,collocate,,0.125
year_collocation_rate,2016,stitch,tile,,0.125
year_collocation_rate,2016,stitch,software,,0.125
year_collocation_rate,2016,stitch,creative,,0.125
year_collocation_rate,2016,stitch,scholarship,,0.125
year_collocation_rate,2017,stitch,section,,0.1
year_collocation_rate,2017,stitch,put,,0.1
year_collocation_rate,2018,stitch,meaning,,0.143
year_collocation_rate,2018,stitch,fragment,,0.286
year_collocation_rate,2018,stitch,cost,,0.143
year_collocation_rate,2018,stitch,load,,0.143
year_collocation_rate,2018,stitch,affect,,0.143
year_collocation_rate,2018,stitch,recollection,,0.143
year_collocation_rate,2018,stitch,trauma,,0.143
year_collocation_rate,2019,stitch,art,,0.125
year_collocation_rate,2019,stitch,narrative,,0.125
year_collocation_rate,2019,stitch,time,,0.125
year_collocation_rate,2019,stitch,instead,,0.125
year_collocation_rate,2019,stitch,lyric,,0.125
year_collocation_rate,2019,stitch,modifying,,0.125
year_collocation_rate,2019,stitch,data,,0.125
year_collocation_rate,2019,stitch,involves,,0.125
year_collocation_rate,2001,stitch,involves,,1.0
year_collocation_rate,2019,stitch,analysis,,0.125
year_collocation_rate,2020,stitch,play,,0.333
year_collocation_rate,2020,stitch,free,,0.333
year_collocation_rate,2020,stitch,scene,,0.333
year_collocation_rate,2023,stitch,archival,,0.1
year_collocation_rate,2026,stitch,another,,0.1
year_collocation_rate,2026,stitch,learning,,0.1
year_collocation_rate,2026,stitch,blind,,0.1
year_collocation_rate,2026,stitch,initially,,0.1
year_collocation_rate,2026,stitch,sought,,0.1
year_collocation_rate,2026,stitch,patchwork,,0.1
year_collocation_rate,2010,stitch,content,,0.333
year_collocation_rate,2010,stitch,electronically,,0.333
year_collocation_rate,2010,stitch,geo,,0.333
year_collocation_rate,2001,stitch,manual,,1.0
year_collocation_rate,2002,stitch,mosaicing,,0.333
year_collocation_rate,2002,stitch,digital,,0.333
year_collocation_rate,2002,stitch,transcendental,,0.333
year_collocation_rate,2002,stitch,medium,,0.333
year_collocation_rate,2002,stitch,invokes,,0.333
year_collocation_rate,2013,thread,paper,,0.125
year_collocation_rate,2013,thread,narrative,,0.125
year_collocation_rate,2021,thread,narrative,,0.2
year_collocation_rate,2013,thread,bridge,,0.125
year_collocation_rate,2025,thread,needle,,0.059
year_collocation_rate,2025,thread,sewing,,0.059
year_collocation_rate,2012,thread,development,,0.25
year_collocation_rate,2012,thread,running,,0.25
year_collocation_rate,2010,thread,running,,0.333
year_collocation_rate,2012,thread,parallel,,0.25
year_collocation_rate,2012,thread,proposal,,0.25
year_collocation_rate,2012,thread,documentation,,0.25
year_collocation_rate,2009,thread,world,,0.167
year_collocation_rate,2009,thread,inside,,0.167
year_collocation_rate,2009,thread,emergence,,0.167
year_collocation_rate,2009,thread,loosen,,0.167
year_collocation_rate,2009,thread,tie,,0.167
year_collocation_rate,2009,thread,weave,,0.167
year_collocation_rate,2009,thread,really,,0.167
year_collocation_rate,2014,thread,creates,,0.111
year_collocation_rate,2015,thread,juxtaposition,,0.1
year_collocation_rate,2015,thread,argumentative,,0.2
year_collocation_rate,2003,thread,argumentative,,0.5
year_collocation_rate,2015,thread,analyzes,,0.1
year_collocation_rate,2015,thread,follow,,0.1
year_collocation_rate,2015,thread,connection,,0.1
year_collocation_rate,2016,thread,phillips,,0.125
year_collocation_rate,2016,thread,throughout,,0.125
year_collocation_rate,2016,thread,ulysses,,0.125
year_collocation_rate,2017,thread,allowing,,0.1
year_collocation_rate,2017,thread,student,,0.1
year_collocation_rate,2017,thread,imagined,,0.1
year_collocation_rate,2018,thread,technological,,0.143
year_collocation_rate,2018,thread,app,,0.143
year_collocation_rate,2018,thread,unites,,0.143
year_collocation_rate,2021,thread,unites,,0.2
year_collocation_rate,2019,thread,philosophy,,0.125
year_collocation_rate,2019,thread,representation,,0.125
year_collocation_rate,2019,thread,citation,,0.125
year_collocation_rate,2019,thread,acoustic,,0.125
year_collocation_rate,2021,thread,little,,0.2
year_collocation_rate,2021,thread,immense,,0.2
year_collocation_rate,2021,thread,single,,0.2
year_collocation_rate,2021,thread,tug,,0.2
year_collocation_rate,2022,thread,involved,,0.077
year_collocation_rate,2022,thread,people,,0.077
year_collocation_rate,2022,thread,together,,0.077
year_collocation_rate,2022,thread,inevitably,,0.077
year_collocation_rate,2022,thread,tangle,,0.077
year_collocation_rate,2022,thread,caught,,0.077
year_collocation_rate,2022,thread,revision,,0.077
year_collocation_rate,2022,thread,source,,0.077
year_collocation_rate,2022,thread,text,,0.077
year_collocation_rate,2022,thread,compare,,0.077
year_collocation_rate,2022,thread,backwards,,0.077
year_collocation_rate,2022,thread,machine,,0.077
year_collocation_rate,2023,thread,golden,,0.1
year_collocation_rate,2023,thread,give,,0.1
year_collocation_rate,2023,thread,indication,,0.1
year_collocation_rate,2023,thread,like,,0.1
year_collocation_rate,2023,thread,ariadne,,0.2
year_collocation_rate,2023,thread,diagrammatologically,,0.1
year_collocation_rate,2023,thread,reconstructible,,0.1
year_collocation_rate,2023,thread,cultural,,0.1
year_collocation_rate,2023,thread,technique,,0.1
year_collocation_rate,2026,thread,every,,0.1
year_collocation_rate,2026,thread,codified,,0.1
year_collocation_rate,2026,thread,unravelling,,0.1
year_collocation_rate,2010,thread,word,,0.333
year_collocation_rate,2010,thread,common,,0.333
year_collocation_rate,2000,thread,reader,,0.5
year_collocation_rate,2000,thread,way,,0.5
year_collocation_rate,2003,thread,following,,0.5
year_collocation_rate,2007,thread,default,,0.333
year_collocation_rate,2007,thread,connecting,,0.667
year_collocation_rate,2007,thread,virtue,,0.333
year_collocation_rate,2007,thread,roland,,0.333
year_collocation_rate,2007,thread,actual,,0.333
year_collocation_rate,2007,thread,recurrent,,0.333
year_collocation_rate,2007,thread,trace,,0.333
year_collocation_rate,2007,thread,influence,,0.333
year_collocation_rate,1999,thread,unifying,,0.333
year_collocation_rate,1999,thread,idea,,0.333
year_collocation_rate,2024,fabric,thick,,0.2
year_collocation_rate,2024,fabric,social,,0.2
year_collocation_rate,2024,fabric,medium,,0.2
year_collocation_rate,2009,fabric,differential,,0.333
year_collocation_rate,2009,fabric,network,,0.333
year_collocation_rate,2009,fabric,trace,,0.333
year_collocation_rate,2009,fabric,referring,,0.333
year_collocation_rate,2015,fabric,time,,0.1
year_collocation_rate,2015,fabric,woven,,0.1
year_collocation_rate,2016,fabric,representation,,0.125
year_collocation_rate,2016,fabric,stitching,,0.125
year_collocation_rate,2016,fabric,together,,0.125
year_collocation_rate,2023,fabric,applied,,0.1
year_collocation_rate,2023,fabric,text,,0.1
year_collocation_rate,2026,fabric,text,,0.1
year_collocation_rate,2026,fabric,discursive,,0.2
year_collocation_rate,2026,fabric,source,,0.1
year_collocation_rate,2026,fabric,modelling,,0.1
year_collocation_rate,2025,tapestry,present,,0.059
year_collocation_rate,2025,tapestry,rich,,0.294
year_collocation_rate,2026,tapestry,rich,,0.2
year_collocation_rate,2025,tapestry,linguistic,,0.235
year_collocation_rate,2026,tapestry,linguistic,,0.1
year_collocation_rate,2025,tapestry,diversity,,0.176
year_collocation_rate,2026,tapestry,diversity,,0.1
year_collocation_rate,2025,tapestry,embody,,0.059
year_collocation_rate,2025,tapestry,emotion,,0.059
year_collocation_rate,2025,tapestry,sentiment,,0.059
year_collocation_rate,2025,tapestry,spanning,,0.059
year_collocation_rate,2025,tapestry,style,,0.059
year_collocation_rate,2025,tapestry,ever,,0.059
year_collocation_rate,2025,tapestry,expanding,,0.059
year_collocation_rate,2025,tapestry,meaning,,0.059
year_collocation_rate,2025,tapestry,geographic,,0.059
year_collocation_rate,2025,tapestry,information,,0.059
year_collocation_rate,2009,tapestry,coherent,,0.167
year_collocation_rate,2009,tapestry,psychological,,0.167
year_collocation_rate,2020,tapestry,approach,,0.333
year_collocation_rate,2020,tapestry,focused,,0.333
year_collocation_rate,2020,tapestry,relationship,,0.333
year_collocation_rate,2021,tapestry,immense,,0.2
year_collocation_rate,2021,tapestry,scholarship,,0.2
year_collocation_rate,2022,tapestry,region,,0.077
year_collocation_rate,2023,tapestry,column,,0.1
year_collocation_rate,2023,tapestry,reference,,0.1
year_collocation_rate,2023,tapestry,subtly,,0.1
year_collocation_rate,2026,tapestry,thereby,,0.1
year_collocation_rate,2026,tapestry,weaving,,0.1
year_collocation_rate,2026,tapestry,digital,,0.1
year_collocation_rate,2026,tapestry,state,,0.1
year_collocation_rate,2026,tapestry,haitian,,0.1
year_collocation_rate,2026,tapestry,art,,0.1
year_collocation_rate,1987,tapestry,belong,,1.0
year_collocation_rate,1988,tapestry,belong,,1.0
year_collocation_rate,1987,tapestry,record,,1.0
year_collocation_rate,1988,tapestry,record,,1.0
year_collocation_rate,2012,loom,better,,0.5
year_collocation_rate,2012,loom,compared,,0.5
year_collocation_rate,2012,loom,proposed,,0.5
year_collocation_rate,2012,loom,performs,,0.25
year_collocation_rate,2012,loom,productively,,0.25
year_collocation_rate,2022,loom,like,,0.077
year_collocation_rate,2022,loom,power,,0.077
year_collocation_rate,2022,loom,inevitably,,0.077
year_collocation_rate,2017,sew,kit,,0.1
year_collocation_rate,2017,sew,order,,0.1
year_collocation_rate,2018,warp,rug,,0.143
year_collocation_rate,2021,warp,rug,,0.2
year_collocation_rate,2018,warp,together,,0.143
year_collocation_rate,2021,warp,together,,0.2
year_collocation_rate,2018,warp,weft,,0.143
year_collocation_rate,2021,warp,weft,,0.4
year_collocation_rate,1990,warp,weft,,0.333
year_collocation_rate,2018,warp,seen,,0.143
year_collocation_rate,2021,warp,seen,,0.2
year_collocation_rate,2021,warp,entire,,0.2
year_collocation_rate,2021,warp,woof,,0.2
year_collocation_rate,2021,warp,connect,,0.2
year_collocation_rate,2021,warp,digital,,0.4
year_collocation_rate,2021,warp,medium,,0.2
year_collocation_rate,2021,warp,indigenous,,0.2
year_collocation_rate,2022,warp,regarded,,0.077
year_collocation_rate,2022,warp,prose,,0.154
year_collocation_rate,2022,warp,amid,,0.154
year_collocation_rate,2022,warp,existing,,0.077
year_collocation_rate,2022,warp,convention,,0.077
year_collocation_rate,1990,warp,syntactic,,0.333
year_collocation_rate,2018,weft,warp,,0.143
year_collocation_rate,2021,weft,warp,,0.4
year_collocation_rate,1990,weft,warp,,0.333
year_collocation_rate,2021,weft,story,,0.2
year_collocation_rate,2021,weft,together,,0.2
year_collocation_rate,2021,weft,digital,,0.2
year_collocation_rate,2021,weft,weave,,0.2
year_collocation_rate,2022,weft,amid,,0.154
year_collocation_rate,2022,weft,poetry,,0.154
year_collocation_rate,1990,weft,language,,0.333
year_collocation_rate,1990,weft,let,,0.333
year_collocation_rate,1993,spin,becomes,,0.5
year_collocation_rate,1993,spin,apparent,,0.5
